antecedents,consequents,antecedent support,consequent support,support,confidence,lift,representativity,leverage,conviction,zhangs_metric,jaccard,certainty,kulczynski
"P0050, P0011","P0052, P0006",0.06,0.06,0.06,1.0,16.666666666666668,1.0,0.0564,inf,1.0000000000000002,1.0,1.0,1.0
"P0050, P0052","P0006, P0011",0.06,0.06,0.06,1.0,16.666666666666668,1.0,0.0564,inf,1.0000000000000002,1.0,1.0,1.0
"P0006, P0011","P0050, P0052",0.06,0.06,0.06,1.0,16.666666666666668,1.0,0.0564,inf,1.0000000000000002,1.0,1.0,1.0
"P0052, P0006","P0050, P0011",0.06,0.06,0.06,1.0,16.666666666666668,1.0,0.0564,inf,1.0000000000000002,1.0,1.0,1.0
"P0088, P0013","P0064, P0044",0.06,0.06,0.06,1.0,16.666666666666668,1.0,0.0564,inf,1.0000000000000002,1.0,1.0,1.0
"P0064, P0044","P0088, P0013",0.06,0.06,0.06,1.0,16.666666666666668,1.0,0.0564,inf,1.0000000000000002,1.0,1.0,1.0
"P0088, P0079","P0064, P0013",0.06,0.06,0.06,1.0,16.666666666666668,1.0,0.0564,inf,1.0000000000000002,1.0,1.0,1.0
"P0064, P0013","P0088, P0079",0.06,0.06,0.06,1.0,16.666666666666668,1.0,0.0564,inf,1.0000000000000002,1.0,1.0,1.0
"P0088, P0079","P0064, P0044",0.06,0.06,0.06,1.0,16.666666666666668,1.0,0.0564,inf,1.0000000000000002,1.0,1.0,1.0
"P0064, P0044","P0088, P0079",0.06,0.06,0.06,1.0,16.666666666666668,1.0,0.0564,inf,1.0000000000000002,1.0,1.0,1.0
"P0088, P0044, P0079","P0064, P0013",0.06,0.06,0.06,1.0,16.666666666666668,1.0,0.0564,inf,1.0000000000000002,1.0,1.0,1.0
"P0088, P0079, P0013","P0044, P0064",0.06,0.06,0.06,1.0,16.666666666666668,1.0,0.0564,inf,1.0000000000000002,1.0,1.0,1.0
"P0044, P0064, P0079","P0088, P0013",0.06,0.06,0.06,1.0,16.666666666666668,1.0,0.0564,inf,1.0000000000000002,1.0,1.0,1.0
"P0044, P0064, P0013","P0088, P0079",0.06,0.06,0.06,1.0,16.666666666666668,1.0,0.0564,inf,1.0000000000000002,1.0,1.0,1.0
"P0088, P0079","P0044, P0064, P0013",0.06,0.06,0.06,1.0,16.666666666666668,1.0,0.0564,inf,1.0000000000000002,1.0,1.0,1.0
"P0088, P0013","P0044, P0064, P0079",0.06,0.06,0.06,1.0,16.666666666666668,1.0,0.0564,inf,1.0000000000000002,1.0,1.0,1.0
"P0044, P0064","P0088, P0079, P0013",0.06,0.06,0.06,1.0,16.666666666666668,1.0,0.0564,inf,1.0000000000000002,1.0,1.0,1.0
"P0064, P0013","P0088, P0044, P0079",0.06,0.06,0.06,1.0,16.666666666666668,1.0,0.0564,inf,1.0000000000000002,1.0,1.0,1.0
"P0052, P0011","P0050, P0006",0.06,0.08,0.06,1.0,12.5,1.0,0.0552,inf,0.9787234042553192,0.7499999999999998,1.0,0.875
"P0064, P0013","P0088, P0044",0.06,0.08,0.06,1.0,12.5,1.0,0.0552,inf,0.9787234042553192,0.7499999999999998,1.0,0.875
"P0088, P0079","P0044, P0013",0.06,0.08,0.06,1.0,12.5,1.0,0.0552,inf,0.9787234042553192,0.7499999999999998,1.0,0.875
"P0098, P0083","P0099, P0088",0.06,0.08,0.06,1.0,12.5,1.0,0.0552,inf,0.9787234042553192,0.7499999999999998,1.0,0.875
"P0088, P0083","P0098, P0099",0.06,0.08,0.06,1.0,12.5,1.0,0.0552,inf,0.9787234042553192,0.7499999999999998,1.0,0.875
"P0088, P0064, P0079","P0044, P0013",0.06,0.08,0.06,1.0,12.5,1.0,0.0552,inf,0.9787234042553192,0.7499999999999998,1.0,0.875
"P0064, P0079, P0013","P0088, P0044",0.06,0.08,0.06,1.0,12.5,1.0,0.0552,inf,0.9787234042553192,0.7499999999999998,1.0,0.875
"P0050, P0006","P0052, P0011",0.08,0.06,0.06,0.75,12.5,1.0,0.0552,3.76,1.0,0.7499999999999998,0.7340425531914894,0.875
"P0088, P0044","P0064, P0013",0.08,0.06,0.06,0.75,12.5,1.0,0.0552,3.76,1.0,0.7499999999999998,0.7340425531914894,0.875
"P0044, P0013","P0088, P0079",0.08,0.06,0.06,0.75,12.5,1.0,0.0552,3.76,1.0,0.7499999999999998,0.7340425531914894,0.875
"P0098, P0099","P0088, P0083",0.08,0.06,0.06,0.75,12.5,1.0,0.0552,3.76,1.0,0.7499999999999998,0.7340425531914894,0.875
"P0099, P0088","P0098, P0083",0.08,0.06,0.06,0.75,12.5,1.0,0.0552,3.76,1.0,0.7499999999999998,0.7340425531914894,0.875
"P0088, P0044","P0064, P0079, P0013",0.08,0.06,0.06,0.75,12.5,1.0,0.0552,3.76,1.0,0.7499999999999998,0.7340425531914894,0.875
"P0044, P0013","P0088, P0064, P0079",0.08,0.06,0.06,0.75,12.5,1.0,0.0552,3.76,1.0,0.7499999999999998,0.7340425531914894,0.875
"P0064, P0044","P0079, P0013",0.06,0.1,0.06,1.0,10.0,1.0,0.054,inf,0.9574468085106385,0.6,1.0,0.8
"P0064, P0013","P0044, P0079",0.06,0.1,0.06,1.0,10.0,1.0,0.054,inf,0.9574468085106385,0.6,1.0,0.8
"P0088, P0013","P0044, P0079",0.06,0.1,0.06,1.0,10.0,1.0,0.054,inf,0.9574468085106385,0.6,1.0,0.8
"P0088, P0013","P0064, P0079",0.06,0.1,0.06,1.0,10.0,1.0,0.054,inf,0.9574468085106385,0.6,1.0,0.8
"P0039, P0022","P0015, P0070",0.06,0.1,0.06,1.0,10.0,1.0,0.054,inf,0.9574468085106385,0.6,1.0,0.8
"P0088, P0044, P0013","P0064, P0079",0.06,0.1,0.06,1.0,10.0,1.0,0.054,inf,0.9574468085106385,0.6,1.0,0.8
"P0088, P0064, P0044","P0079, P0013",0.06,0.1,0.06,1.0,10.0,1.0,0.054,inf,0.9574468085106385,0.6,1.0,0.8
"P0088, P0064, P0013","P0044, P0079",0.06,0.1,0.06,1.0,10.0,1.0,0.054,inf,0.9574468085106385,0.6,1.0,0.8
"P0044, P0079","P0064, P0013",0.1,0.06,0.06,0.6,10.0,1.0,0.054,2.3499999999999996,1.0,0.6,0.574468085106383,0.8
"P0079, P0013","P0064, P0044",0.1,0.06,0.06,0.6,10.0,1.0,0.054,2.3499999999999996,1.0,0.6,0.574468085106383,0.8
"P0044, P0079","P0088, P0013",0.1,0.06,0.06,0.6,10.0,1.0,0.054,2.3499999999999996,1.0,0.6,0.574468085106383,0.8
"P0064, P0079","P0088, P0013",0.1,0.06,0.06,0.6,10.0,1.0,0.054,2.3499999999999996,1.0,0.6,0.574468085106383,0.8
"P0015, P0070","P0039, P0022",0.1,0.06,0.06,0.6,10.0,1.0,0.054,2.3499999999999996,1.0,0.6,0.574468085106383,0.8
"P0044, P0079","P0088, P0064, P0013",0.1,0.06,0.06,0.6,10.0,1.0,0.054,2.3499999999999996,1.0,0.6,0.574468085106383,0.8
"P0079, P0013","P0088, P0064, P0044",0.1,0.06,0.06,0.6,10.0,1.0,0.054,2.3499999999999996,1.0,0.6,0.574468085106383,0.8
"P0064, P0079","P0088, P0044, P0013",0.1,0.06,0.06,0.6,10.0,1.0,0.054,2.3499999999999996,1.0,0.6,0.574468085106383,0.8
"P0088, P0064","P0044, P0013",0.08,0.08,0.06,0.75,9.375,1.0,0.053599999999999995,3.68,0.9710144927536231,0.6,0.7282608695652174,0.75
"P0044, P0013","P0088, P0064",0.08,0.08,0.06,0.75,9.375,1.0,0.053599999999999995,3.68,0.9710144927536231,0.6,0.7282608695652174,0.75
"P0015, P0022","P0070, P0039",0.08,0.08,0.06,0.75,9.375,1.0,0.053599999999999995,3.68,0.9710144927536231,0.6,0.7282608695652174,0.75
"P0070, P0039","P0015, P0022",0.08,0.08,0.06,0.75,9.375,1.0,0.053599999999999995,3.68,0.9710144927536231,0.6,0.7282608695652174,0.75
"P0051, P0015","P0070, P0039",0.08,0.08,0.06,0.75,9.375,1.0,0.053599999999999995,3.68,0.9710144927536231,0.6,0.7282608695652174,0.75
"P0070, P0039","P0051, P0015",0.08,0.08,0.06,0.75,9.375,1.0,0.053599999999999995,3.68,0.9710144927536231,0.6,0.7282608695652174,0.75
"P0098, P0088","P0099, P0083",0.08,0.08,0.06,0.75,9.375,1.0,0.053599999999999995,3.68,0.9710144927536231,0.6,0.7282608695652174,0.75
"P0099, P0083","P0098, P0088",0.08,0.08,0.06,0.75,9.375,1.0,0.053599999999999995,3.68,0.9710144927536231,0.6,0.7282608695652174,0.75
"P0044, P0079, P0013","P0088, P0064",0.08,0.08,0.06,0.75,9.375,1.0,0.053599999999999995,3.68,0.9710144927536231,0.6,0.7282608695652174,0.75
"P0088, P0064","P0044, P0079, P0013",0.08,0.08,0.06,0.75,9.375,1.0,0.053599999999999995,3.68,0.9710144927536231,0.6,0.7282608695652174,0.75
"P0023, P0071",P0000,0.06,0.12,0.06,1.0,8.333333333333334,1.0,0.0528,inf,0.9361702127659576,0.5,1.0,0.75
"P0014, P0070",P0048,0.06,0.12,0.06,1.0,8.333333333333334,1.0,0.0528,inf,0.9361702127659576,0.5,1.0,0.75
"P0094, P0070",P0019,0.06,0.12,0.06,1.0,8.333333333333334,1.0,0.0528,inf,0.9361702127659576,0.5,1.0,0.75
"P0048, P0078",P0082,0.06,0.12,0.06,1.0,8.333333333333334,1.0,0.0528,inf,0.9361702127659576,0.5,1.0,0.75
"P0078, P0082",P0048,0.06,0.12,0.06,1.0,8.333333333333334,1.0,0.0528,inf,0.9361702127659576,0.5,1.0,0.75
"P0086, P0052",P0083,0.06,0.12,0.06,1.0,8.333333333333334,1.0,0.0528,inf,0.9361702127659576,0.5,1.0,0.75
"P0052, P0083",P0086,0.06,0.12,0.06,1.0,8.333333333333334,1.0,0.0528,inf,0.9361702127659576,0.5,1.0,0.75
"P0098, P0099, P0088",P0083,0.06,0.12,0.06,1.0,8.333333333333334,1.0,0.0528,inf,0.9361702127659576,0.5,1.0,0.75
P0000,"P0023, P0071",0.12,0.06,0.06,0.5,8.333333333333334,1.0,0.0528,1.88,1.0,0.5,0.46808510638297873,0.75
P0048,"P0014, P0070",0.12,0.06,0.06,0.5,8.333333333333334,1.0,0.0528,1.88,1.0,0.5,0.46808510638297873,0.75
P0019,"P0094, P0070",0.12,0.06,0.06,0.5,8.333333333333334,1.0,0.0528,1.88,1.0,0.5,0.46808510638297873,0.75
P0048,"P0078, P0082",0.12,0.06,0.06,0.5,8.333333333333334,1.0,0.0528,1.88,1.0,0.5,0.46808510638297873,0.75
P0082,"P0048, P0078",0.12,0.06,0.06,0.5,8.333333333333334,1.0,0.0528,1.88,1.0,0.5,0.46808510638297873,0.75
P0086,"P0052, P0083",0.12,0.06,0.06,0.5,8.333333333333334,1.0,0.0528,1.88,1.0,0.5,0.46808510638297873,0.75
P0083,"P0086, P0052",0.12,0.06,0.06,0.5,8.333333333333334,1.0,0.0528,1.88,1.0,0.5,0.46808510638297873,0.75
P0083,"P0098, P0099, P0088",0.12,0.06,0.06,0.5,8.333333333333334,1.0,0.0528,1.88,1.0,0.5,0.46808510638297873,0.75
"P0044, P0013","P0064, P0079",0.08,0.1,0.06,0.75,7.5,1.0,0.052,3.6,0.9420289855072463,0.5,0.7222222222222222,0.675
"P0088, P0044","P0079, P0013",0.08,0.1,0.06,0.75,7.5,1.0,0.052,3.6,0.9420289855072463,0.5,0.7222222222222222,0.675
"P0088, P0064","P0079, P0013",0.08,0.1,0.06,0.75,7.5,1.0,0.052,3.6,0.9420289855072463,0.5,0.7222222222222222,0.675
"P0070, P0022","P0015, P0039",0.08,0.1,0.06,0.75,7.5,1.0,0.052,3.6,0.9420289855072463,0.5,0.7222222222222222,0.675
"P0051, P0039","P0015, P0070",0.08,0.1,0.06,0.75,7.5,1.0,0.052,3.6,0.9420289855072463,0.5,0.7222222222222222,0.675
"P0088, P0064","P0044, P0079",0.08,0.1,0.06,0.75,7.5,1.0,0.052,3.6,0.9420289855072463,0.5,0.7222222222222222,0.675
"P0088, P0044","P0064, P0079",0.08,0.1,0.06,0.75,7.5,1.0,0.052,3.6,0.9420289855072463,0.5,0.7222222222222222,0.675
"P0064, P0079","P0044, P0013",0.1,0.08,0.06,0.6,7.5,1.0,0.052,2.3,0.9629629629629629,0.5,0.5652173913043478,0.675
"P0079, P0013","P0088, P0044",0.1,0.08,0.06,0.6,7.5,1.0,0.052,2.3,0.9629629629629629,0.5,0.5652173913043478,0.675
"P0079, P0013","P0088, P0064",0.1,0.08,0.06,0.6,7.5,1.0,0.052,2.3,0.9629629629629629,0.5,0.5652173913043478,0.675
"P0015, P0039","P0070, P0022",0.1,0.08,0.06,0.6,7.5,1.0,0.052,2.3,0.9629629629629629,0.5,0.5652173913043478,0.675
"P0015, P0070","P0051, P0039",0.1,0.08,0.06,0.6,7.5,1.0,0.052,2.3,0.9629629629629629,0.5,0.5652173913043478,0.675
"P0064, P0079","P0088, P0044",0.1,0.08,0.06,0.6,7.5,1.0,0.052,2.3,0.9629629629629629,0.5,0.5652173913043478,0.675
"P0044, P0079","P0088, P0064",0.1,0.08,0.06,0.6,7.5,1.0,0.052,2.3,0.9629629629629629,0.5,0.5652173913043478,0.675
"P0070, P0012",P0007,0.06,0.14,0.06,1.0,7.142857142857142,1.0,0.05159999999999999,inf,0.9148936170212766,0.4285714285714285,1.0,0.7142857142857142
"P0040, P0070",P0007,0.06,0.14,0.06,1.0,7.142857142857142,1.0,0.05159999999999999,inf,0.9148936170212766,0.4285714285714285,1.0,0.7142857142857142
"P0023, P0008",P0087,0.06,0.14,0.06,1.0,7.142857142857142,1.0,0.05159999999999999,inf,0.9148936170212766,0.4285714285714285,1.0,0.7142857142857142
"P0036, P0009",P0055,0.06,0.14,0.06,1.0,7.142857142857142,1.0,0.05159999999999999,inf,0.9148936170212766,0.4285714285714285,1.0,0.7142857142857142
"P0064, P0044",P0013,0.06,0.14,0.06,1.0,7.142857142857142,1.0,0.05159999999999999,inf,0.9148936170212766,0.4285714285714285,1.0,0.7142857142857142
"P0088, P0079",P0013,0.06,0.14,0.06,1.0,7.142857142857142,1.0,0.05159999999999999,inf,0.9148936170212766,0.4285714285714285,1.0,0.7142857142857142
"P0094, P0049",P0026,0.06,0.14,0.06,1.0,7.142857142857142,1.0,0.05159999999999999,inf,0.9148936170212766,0.4285714285714285,1.0,0.7142857142857142
"P0030, P0044",P0055,0.06,0.14,0.06,1.0,7.142857142857142,1.0,0.05159999999999999,inf,0.9148936170212766,0.4285714285714285,1.0,0.7142857142857142
"P0072, P0088",P0076,0.06,0.14,0.06,1.0,7.142857142857142,1.0,0.05159999999999999,inf,0.9148936170212766,0.4285714285714285,1.0,0.7142857142857142
"P0088, P0083",P0098,0.06,0.14,0.06,1.0,7.142857142857142,1.0,0.05159999999999999,inf,0.9148936170212766,0.4285714285714285,1.0,0.7142857142857142
"P0064, P0044, P0079",P0013,0.06,0.14,0.06,1.0,7.142857142857142,1.0,0.05159999999999999,inf,0.9148936170212766,0.4285714285714285,1.0,0.7142857142857142
"P0088, P0064, P0044",P0013,0.06,0.14,0.06,1.0,7.142857142857142,1.0,0.05159999999999999,inf,0.9148936170212766,0.4285714285714285,1.0,0.7142857142857142
"P0088, P0044, P0079",P0013,0.06,0.14,0.06,1.0,7.142857142857142,1.0,0.05159999999999999,inf,0.9148936170212766,0.4285714285714285,1.0,0.7142857142857142
"P0088, P0064, P0079",P0013,0.06,0.14,0.06,1.0,7.142857142857142,1.0,0.05159999999999999,inf,0.9148936170212766,0.4285714285714285,1.0,0.7142857142857142
"P0051, P0015, P0070",P0039,0.06,0.14,0.06,1.0,7.142857142857142,1.0,0.05159999999999999,inf,0.9148936170212766,0.4285714285714285,1.0,0.7142857142857142
"P0099, P0088, P0083",P0098,0.06,0.14,0.06,1.0,7.142857142857142,1.0,0.05159999999999999,inf,0.9148936170212766,0.4285714285714285,1.0,0.7142857142857142
"P0088, P0064, P0044, P0079",P0013,0.06,0.14,0.06,1.0,7.142857142857142,1.0,0.05159999999999999,inf,0.9148936170212766,0.4285714285714285,1.0,0.7142857142857142
"P0000, P0071",P0023,0.06,0.16,0.06,1.0,6.25,1.0,0.0504,inf,0.8936170212765959,0.375,1.0,0.6875
"P0070, P0026",P0003,0.06,0.16,0.06,1.0,6.25,1.0,0.0504,inf,0.8936170212765959,0.375,1.0,0.6875
"P0070, P0047",P0003,0.06,0.16,0.06,1.0,6.25,1.0,0.0504,inf,0.8936170212765959,0.375,1.0,0.6875
"P0071, P0009",P0005,0.06,0.16,0.06,1.0,6.25,1.0,0.0504,inf,0.8936170212765959,0.375,1.0,0.6875
"P0059, P0071",P0005,0.06,0.16,0.06,1.0,6.25,1.0,0.0504,inf,0.8936170212765959,0.375,1.0,0.6875
"P0051, P0008",P0015,0.06,0.16,0.06,1.0,6.25,1.0,0.0504,inf,0.8936170212765959,0.375,1.0,0.6875
"P0008, P0087",P0023,0.06,0.16,0.06,1.0,6.25,1.0,0.0504,inf,0.8936170212765959,0.375,1.0,0.6875
"P0055, P0036",P0009,0.06,0.16,0.06,1.0,6.25,1.0,0.0504,inf,0.8936170212765959,0.375,1.0,0.6875
"P0039, P0022",P0015,0.06,0.16,0.06,1.0,6.25,1.0,0.0504,inf,0.8936170212765959,0.375,1.0,0.6875
"P0070, P0022",P0015,0.08,0.16,0.08,1.0,6.25,1.0,0.0672,inf,0.9130434782608695,0.5000000000000001,1.0,0.75
"P0070, P0039",P0015,0.08,0.16,0.08,1.0,6.25,1.0,0.0672,inf,0.9130434782608695,0.5000000000000001,1.0,0.75
"P0049, P0026",P0094,0.06,0.16,0.06,1.0,6.25,1.0,0.0504,inf,0.8936170212765959,0.375,1.0,0.6875
"P0048, P0082",P0078,0.06,0.16,0.06,1.0,6.25,1.0,0.0504,inf,0.8936170212765959,0.375,1.0,0.6875
"P0088, P0070",P0099,0.06,0.16,0.06,1.0,6.25,1.0,0.0504,inf,0.8936170212765959,0.375,1.0,0.6875
"P0075, P0079",P0094,0.06,0.16,0.06,1.0,6.25,1.0,0.0504,inf,0.8936170212765959,0.375,1.0,0.6875
"P0088, P0083",P0099,0.06,0.16,0.06,1.0,6.25,1.0,0.0504,inf,0.8936170212765959,0.375,1.0,0.6875
"P0098, P0083",P0099,0.06,0.16,0.06,1.0,6.25,1.0,0.0504,inf,0.8936170212765959,0.375,1.0,0.6875
"P0070, P0039, P0022",P0015,0.06,0.16,0.06,1.0,6.25,1.0,0.0504,inf,0.8936170212765959,0.375,1.0,0.6875
"P0051, P0070, P0039",P0015,0.06,0.16,0.06,1.0,6.25,1.0,0.0504,inf,0.8936170212765959,0.375,1.0,0.6875
"P0098, P0088, P0083",P0099,0.06,0.16,0.06,1.0,6.25,1.0,0.0504,inf,0.8936170212765959,0.375,1.0,0.6875
"P0071, P0005",P0059,0.08,0.12,0.06,0.75,6.25,1.0,0.0504,3.52,0.9130434782608696,0.4285714285714285,0.7159090909090909,0.625
"P0070, P0007",P0012,0.08,0.12,0.06,0.75,6.25,1.0,0.0504,3.52,0.9130434782608696,0.4285714285714285,0.7159090909090909,0.625
"P0070, P0007",P0040,0.08,0.12,0.06,0.75,6.25,1.0,0.0504,3.52,0.9130434782608696,0.4285714285714285,0.7159090909090909,0.625
"P0043, P0070",P0019,0.08,0.12,0.06,0.75,6.25,1.0,0.0504,3.52,0.9130434782608696,0.4285714285714285,0.7159090909090909,0.625
"P0070, P0065",P0019,0.08,0.12,0.06,0.75,6.25,1.0,0.0504,3.52,0.9130434782608696,0.4285714285714285,0.7159090909090909,0.625
"P0088, P0076",P0072,0.08,0.12,0.06,0.75,6.25,1.0,0.0504,3.52,0.9130434782608696,0.4285714285714285,0.7159090909090909,0.625
"P0094, P0079",P0075,0.08,0.12,0.06,0.75,6.25,1.0,0.0504,3.52,0.9130434782608696,0.4285714285714285,0.7159090909090909,0.625
"P0098, P0088",P0083,0.08,0.12,0.06,0.75,6.25,1.0,0.0504,3.52,0.9130434782608696,0.4285714285714285,0.7159090909090909,0.625
"P0099, P0088",P0083,0.08,0.12,0.06,0.75,6.25,1.0,0.0504,3.52,0.9130434782608696,0.4285714285714285,0.7159090909090909,0.625
"P0098, P0099",P0083,0.08,0.12,0.06,0.75,6.25,1.0,0.0504,3.52,0.9130434782608696,0.4285714285714285,0.7159090909090909,0.625
P0059,"P0071, P0005",0.12,0.08,0.06,0.5,6.25,1.0,0.0504,1.84,0.9545454545454546,0.4285714285714285,0.45652173913043476,0.625
P0012,"P0070, P0007",0.12,0.08,0.06,0.5,6.25,1.0,0.0504,1.84,0.9545454545454546,0.4285714285714285,0.45652173913043476,0.625
P0040,"P0070, P0007",0.12,0.08,0.06,0.5,6.25,1.0,0.0504,1.84,0.9545454545454546,0.4285714285714285,0.45652173913043476,0.625
P0015,"P0070, P0022",0.16,0.08,0.08,0.5,6.25,1.0,0.0672,1.84,1.0,0.5000000000000001,0.45652173913043476,0.75
P0015,"P0070, P0039",0.16,0.08,0.08,0.5,6.25,1.0,0.0672,1.84,1.0,0.5000000000000001,0.45652173913043476,0.75
P0019,"P0043, P0070",0.12,0.08,0.06,0.5,6.25,1.0,0.0504,1.84,0.9545454545454546,0.4285714285714285,0.45652173913043476,0.625
P0019,"P0070, P0065",0.12,0.08,0.06,0.5,6.25,1.0,0.0504,1.84,0.9545454545454546,0.4285714285714285,0.45652173913043476,0.625
P0072,"P0088, P0076",0.12,0.08,0.06,0.5,6.25,1.0,0.0504,1.84,0.9545454545454546,0.4285714285714285,0.45652173913043476,0.625
P0075,"P0094, P0079",0.12,0.08,0.06,0.5,6.25,1.0,0.0504,1.84,0.9545454545454546,0.4285714285714285,0.45652173913043476,0.625
P0083,"P0098, P0088",0.12,0.08,0.06,0.5,6.25,1.0,0.0504,1.84,0.9545454545454546,0.4285714285714285,0.45652173913043476,0.625
P0083,"P0099, P0088",0.12,0.08,0.06,0.5,6.25,1.0,0.0504,1.84,0.9545454545454546,0.4285714285714285,0.45652173913043476,0.625
P0083,"P0098, P0099",0.12,0.08,0.06,0.5,6.25,1.0,0.0504,1.84,0.9545454545454546,0.4285714285714285,0.45652173913043476,0.625
"P0003, P0070",P0047,0.1,0.1,0.06,0.6,5.999999999999999,1.0,0.049999999999999996,2.25,0.9259259259259258,0.4285714285714285,0.5555555555555556,0.6
P0047,"P0003, P0070",0.1,0.1,0.06,0.6,5.999999999999999,1.0,0.049999999999999996,2.25,0.9259259259259258,0.4285714285714285,0.5555555555555556,0.6
"P0044, P0079",P0013,0.1,0.14,0.08,0.7999999999999999,5.7142857142857135,1.0,0.066,4.299999999999999,0.9166666666666666,0.4999999999999999,0.7674418604651162,0.6857142857142857
"P0015, P0070",P0022,0.1,0.14,0.08,0.7999999999999999,5.7142857142857135,1.0,0.066,4.299999999999999,0.9166666666666666,0.4999999999999999,0.7674418604651162,0.6857142857142857
"P0015, P0070",P0039,0.1,0.14,0.08,0.7999999999999999,5.7142857142857135,1.0,0.066,4.299999999999999,0.9166666666666666,0.4999999999999999,0.7674418604651162,0.6857142857142857
P0013,"P0044, P0079",0.14,0.1,0.08,0.5714285714285714,5.7142857142857135,1.0,0.066,2.1,0.9593023255813954,0.4999999999999999,0.5238095238095238,0.6857142857142857
P0022,"P0015, P0070",0.14,0.1,0.08,0.5714285714285714,5.7142857142857135,1.0,0.066,2.1,0.9593023255813954,0.4999999999999999,0.5238095238095238,0.6857142857142857
P0039,"P0015, P0070",0.14,0.1,0.08,0.5714285714285714,5.7142857142857135,1.0,0.066,2.1,0.9593023255813954,0.4999999999999999,0.5238095238095238,0.6857142857142857
P0092,P0001,0.06,0.18,0.06,1.0,5.555555555555555,1.0,0.0492,inf,0.872340425531915,0.3333333333333333,1.0,0.6666666666666666
"P0023, P0000",P0071,0.06,0.18,0.06,1.0,5.555555555555555,1.0,0.0492,inf,0.872340425531915,0.3333333333333333,1.0,0.6666666666666666
"P0030, P0004",P0011,0.06,0.18,0.06,1.0,5.555555555555555,1.0,0.0492,inf,0.872340425531915,0.3333333333333333,1.0,0.6666666666666666
"P0009, P0005",P0071,0.06,0.18,0.06,1.0,5.555555555555555,1.0,0.0492,inf,0.872340425531915,0.3333333333333333,1.0,0.6666666666666666
"P0059, P0005",P0071,0.06,0.18,0.06,1.0,5.555555555555555,1.0,0.0492,inf,0.872340425531915,0.3333333333333333,1.0,0.6666666666666666
"P0006, P0011",P0050,0.06,0.18,0.06,1.0,5.555555555555555,1.0,0.0492,inf,0.872340425531915,0.3333333333333333,1.0,0.6666666666666666
"P0006, P0011",P0052,0.06,0.18,0.06,1.0,5.555555555555555,1.0,0.0492,inf,0.872340425531915,0.3333333333333333,1.0,0.6666666666666666
"P0052, P0006",P0011,0.06,0.18,0.06,1.0,5.555555555555555,1.0,0.0492,inf,0.872340425531915,0.3333333333333333,1.0,0.6666666666666666
"P0052, P0006",P0050,0.06,0.18,0.06,1.0,5.555555555555555,1.0,0.0492,inf,0.872340425531915,0.3333333333333333,1.0,0.6666666666666666
"P0023, P0087",P0008,0.06,0.18,0.06,1.0,5.555555555555555,1.0,0.0492,inf,0.872340425531915,0.3333333333333333,1.0,0.6666666666666666
"P0050, P0052",P0011,0.06,0.18,0.06,1.0,5.555555555555555,1.0,0.0492,inf,0.872340425531915,0.3333333333333333,1.0,0.6666666666666666
"P0050, P0011",P0052,0.06,0.18,0.06,1.0,5.555555555555555,1.0,0.0492,inf,0.872340425531915,0.3333333333333333,1.0,0.6666666666666666
"P0052, P0011",P0050,0.06,0.18,0.06,1.0,5.555555555555555,1.0,0.0492,inf,0.872340425531915,0.3333333333333333,1.0,0.6666666666666666
"P0086, P0083",P0052,0.06,0.18,0.06,1.0,5.555555555555555,1.0,0.0492,inf,0.872340425531915,0.3333333333333333,1.0,0.6666666666666666
"P0079, P0060",P0066,0.06,0.18,0.06,1.0,5.555555555555555,1.0,0.0492,inf,0.872340425531915,0.3333333333333333,1.0,0.6666666666666666
"P0066, P0079",P0060,0.06,0.18,0.06,1.0,5.555555555555555,1.0,0.0492,inf,0.872340425531915,0.3333333333333333,1.0,0.6666666666666666
"P0050, P0006, P0011",P0052,0.06,0.18,0.06,1.0,5.555555555555555,1.0,0.0492,inf,0.872340425531915,0.3333333333333333,1.0,0.6666666666666666
"P0050, P0052, P0006",P0011,0.06,0.18,0.06,1.0,5.555555555555555,1.0,0.0492,inf,0.872340425531915,0.3333333333333333,1.0,0.6666666666666666
"P0006, P0052, P0011",P0050,0.06,0.18,0.06,1.0,5.555555555555555,1.0,0.0492,inf,0.872340425531915,0.3333333333333333,1.0,0.6666666666666666
"P0070, P0011",P0024,0.08,0.14,0.06,0.75,5.357142857142857,1.0,0.048799999999999996,3.44,0.8840579710144927,0.3749999999999999,0.7093023255813954,0.5892857142857142
"P0088, P0044",P0013,0.08,0.14,0.06,0.75,5.357142857142857,1.0,0.048799999999999996,3.44,0.8840579710144927,0.3749999999999999,0.7093023255813954,0.5892857142857142
"P0088, P0064",P0013,0.08,0.14,0.06,0.75,5.357142857142857,1.0,0.048799999999999996,3.44,0.8840579710144927,0.3749999999999999,0.7093023255813954,0.5892857142857142
"P0048, P0070",P0014,0.08,0.14,0.06,0.75,5.357142857142857,1.0,0.048799999999999996,3.44,0.8840579710144927,0.3749999999999999,0.7093023255813954,0.5892857142857142
"P0015, P0022",P0039,0.08,0.14,0.06,0.75,5.357142857142857,1.0,0.048799999999999996,3.44,0.8840579710144927,0.3749999999999999,0.7093023255813954,0.5892857142857142
"P0051, P0015",P0039,0.08,0.14,0.06,0.75,5.357142857142857,1.0,0.048799999999999996,3.44,0.8840579710144927,0.3749999999999999,0.7093023255813954,0.5892857142857142
"P0051, P0016",P0039,0.08,0.14,0.06,0.75,5.357142857142857,1.0,0.048799999999999996,3.44,0.8840579710144927,0.3749999999999999,0.7093023255813954,0.5892857142857142
"P0051, P0039",P0016,0.08,0.14,0.06,0.75,5.357142857142857,1.0,0.048799999999999996,3.44,0.8840579710144927,0.3749999999999999,0.7093023255813954,0.5892857142857142
"P0070, P0039",P0022,0.08,0.14,0.06,0.75,5.357142857142857,1.0,0.048799999999999996,3.44,0.8840579710144927,0.3749999999999999,0.7093023255813954,0.5892857142857142
"P0070, P0022",P0039,0.08,0.14,0.06,0.75,5.357142857142857,1.0,0.048799999999999996,3.44,0.8840579710144927,0.3749999999999999,0.7093023255813954,0.5892857142857142
"P0064, P0070",P0024,0.08,0.14,0.06,0.75,5.357142857142857,1.0,0.048799999999999996,3.44,0.8840579710144927,0.3749999999999999,0.7093023255813954,0.5892857142857142
"P0088, P0060",P0073,0.08,0.14,0.06,0.75,5.357142857142857,1.0,0.048799999999999996,3.44,0.8840579710144927,0.3749999999999999,0.7093023255813954,0.5892857142857142
"P0099, P0083",P0098,0.08,0.14,0.06,0.75,5.357142857142857,1.0,0.048799999999999996,3.44,0.8840579710144927,0.3749999999999999,0.7093023255813954,0.5892857142857142
"P0099, P0088",P0098,0.08,0.14,0.06,0.75,5.357142857142857,1.0,0.048799999999999996,3.44,0.8840579710144927,0.3749999999999999,0.7093023255813954,0.5892857142857142
"P0015, P0070, P0039",P0022,0.08,0.14,0.06,0.75,5.357142857142857,1.0,0.048799999999999996,3.44,0.8840579710144927,0.3749999999999999,0.7093023255813954,0.5892857142857142
"P0015, P0070, P0022",P0039,0.08,0.14,0.06,0.75,5.357142857142857,1.0,0.048799999999999996,3.44,0.8840579710144927,0.3749999999999999,0.7093023255813954,0.5892857142857142
"P0001, P0070",P0049,0.06,0.2,0.06,1.0,5.0,1.0,0.048,inf,0.8510638297872342,0.3,1.0,0.65
"P0051, P0002",P0054,0.06,0.2,0.06,1.0,5.0,1.0,0.048,inf,0.8510638297872342,0.3,1.0,0.65
"P0050, P0011",P0006,0.06,0.2,0.06,1.0,5.0,1.0,0.048,inf,0.8510638297872342,0.3,1.0,0.65
"P0052, P0011",P0006,0.06,0.2,0.06,1.0,5.0,1.0,0.048,inf,0.8510638297872342,0.3,1.0,0.65
"P0050, P0052",P0006,0.06,0.2,0.06,1.0,5.0,1.0,0.048,inf,0.8510638297872342,0.3,1.0,0.65
"P0044, P0013",P0079,0.08,0.2,0.08,1.0,5.0,1.0,0.064,inf,0.8695652173913044,0.39999999999999997,1.0,0.7
"P0064, P0013",P0079,0.06,0.2,0.06,1.0,5.0,1.0,0.048,inf,0.8510638297872342,0.3,1.0,0.65
"P0088, P0013",P0064,0.06,0.2,0.06,1.0,5.0,1.0,0.048,inf,0.8510638297872342,0.3,1.0,0.65
"P0088, P0013",P0079,0.06,0.2,0.06,1.0,5.0,1.0,0.048,inf,0.8510638297872342,0.3,1.0,0.65
"P0079, P0024",P0064,0.06,0.2,0.06,1.0,5.0,1.0,0.048,inf,0.8510638297872342,0.3,1.0,0.65
"P0094, P0026",P0049,0.06,0.2,0.06,1.0,5.0,1.0,0.048,inf,0.8510638297872342,0.3,1.0,0.65
"P0038, P0064",P0079,0.06,0.2,0.06,1.0,5.0,1.0,0.048,inf,0.8510638297872342,0.3,1.0,0.65
"P0038, P0079",P0064,0.06,0.2,0.06,1.0,5.0,1.0,0.048,inf,0.8510638297872342,0.3,1.0,0.65
"P0064, P0044",P0079,0.06,0.2,0.06,1.0,5.0,1.0,0.048,inf,0.8510638297872342,0.3,1.0,0.65
"P0051, P0093",P0054,0.06,0.2,0.06,1.0,5.0,1.0,0.048,inf,0.8510638297872342,0.3,1.0,0.65
"P0066, P0060",P0079,0.06,0.2,0.06,1.0,5.0,1.0,0.048,inf,0.8510638297872342,0.3,1.0,0.65
"P0088, P0079",P0064,0.06,0.2,0.06,1.0,5.0,1.0,0.048,inf,0.8510638297872342,0.3,1.0,0.65
"P0075, P0094",P0079,0.06,0.2,0.06,1.0,5.0,1.0,0.048,inf,0.8510638297872342,0.3,1.0,0.65
"P0050, P0052, P0011",P0006,0.06,0.2,0.06,1.0,5.0,1.0,0.048,inf,0.8510638297872342,0.3,1.0,0.65
"P0064, P0044, P0013",P0079,0.06,0.2,0.06,1.0,5.0,1.0,0.048,inf,0.8510638297872342,0.3,1.0,0.65
"P0088, P0044, P0013",P0064,0.06,0.2,0.06,1.0,5.0,1.0,0.048,inf,0.8510638297872342,0.3,1.0,0.65
"P0088, P0044, P0013",P0079,0.06,0.2,0.06,1.0,5.0,1.0,0.048,inf,0.8510638297872342,0.3,1.0,0.65
"P0088, P0064, P0013",P0079,0.06,0.2,0.06,1.0,5.0,1.0,0.048,inf,0.8510638297872342,0.3,1.0,0.65
"P0088, P0079, P0013",P0064,0.06,0.2,0.06,1.0,5.0,1.0,0.048,inf,0.8510638297872342,0.3,1.0,0.65
"P0088, P0064, P0044",P0079,0.06,0.2,0.06,1.0,5.0,1.0,0.048,inf,0.8510638297872342,0.3,1.0,0.65
"P0088, P0044, P0079",P0064,0.06,0.2,0.06,1.0,5.0,1.0,0.048,inf,0.8510638297872342,0.3,1.0,0.65
"P0088, P0044, P0079, P0013",P0064,0.06,0.2,0.06,1.0,5.0,1.0,0.048,inf,0.8510638297872342,0.3,1.0,0.65
"P0088, P0064, P0044, P0013",P0079,0.06,0.2,0.06,1.0,5.0,1.0,0.048,inf,0.8510638297872342,0.3,1.0,0.65
"P0089, P0065",P0031,0.1,0.12,0.06,0.6,5.0,1.0,0.048,2.1999999999999997,0.888888888888889,0.375,0.5454545454545454,0.55
"P0064, P0079",P0038,0.1,0.12,0.06,0.6,5.0,1.0,0.048,2.1999999999999997,0.888888888888889,0.375,0.5454545454545454,0.55
P0031,"P0089, P0065",0.12,0.1,0.06,0.5,5.0,1.0,0.048,1.8,0.9090909090909091,0.375,0.4444444444444445,0.55
P0038,"P0064, P0079",0.12,0.1,0.06,0.5,5.0,1.0,0.048,1.8,0.9090909090909091,0.375,0.4444444444444445,0.55
P0035,P0036,0.08,0.16,0.06,0.75,4.6875,1.0,0.0472,3.36,0.855072463768116,0.3333333333333333,0.7023809523809523,0.5625
"P0044, P0004",P0094,0.08,0.16,0.06,0.75,4.6875,1.0,0.0472,3.36,0.855072463768116,0.3333333333333333,0.7023809523809523,0.5625
"P0071, P0005",P0009,0.08,0.16,0.06,0.75,4.6875,1.0,0.0472,3.36,0.855072463768116,0.3333333333333333,0.7023809523809523,0.5625
"P0055, P0009",P0036,0.08,0.16,0.06,0.75,4.6875,1.0,0.0472,3.36,0.855072463768116,0.3333333333333333,0.7023809523809523,0.5625
"P0070, P0016",P0015,0.08,0.16,0.06,0.75,4.6875,1.0,0.0472,3.36,0.855072463768116,0.3333333333333333,0.7023809523809523,0.5625
"P0051, P0039",P0015,0.08,0.16,0.06,0.75,4.6875,1.0,0.0472,3.36,0.855072463768116,0.3333333333333333,0.7023809523809523,0.5625
"P0019, P0070",P0094,0.08,0.16,0.06,0.75,4.6875,1.0,0.0472,3.36,0.855072463768116,0.3333333333333333,0.7023809523809523,0.5625
"P0070, P0029",P0033,0.08,0.16,0.06,0.75,4.6875,1.0,0.0472,3.36,0.855072463768116,0.3333333333333333,0.7023809523809523,0.5625
"P0052, P0070",P0033,0.08,0.16,0.06,0.75,4.6875,1.0,0.0472,3.36,0.855072463768116,0.3333333333333333,0.7023809523809523,0.5625
"P0098, P0088",P0099,0.08,0.16,0.06,0.75,4.6875,1.0,0.0472,3.36,0.855072463768116,0.3333333333333333,0.7023809523809523,0.5625
"P0013, P0011",P0004,0.06,0.22,0.06,1.0,4.545454545454546,1.0,0.046799999999999994,inf,0.8297872340425532,0.2727272727272727,1.0,0.6363636363636364
"P0044, P0065",P0004,0.06,0.22,0.06,1.0,4.545454545454546,1.0,0.046799999999999994,inf,0.8297872340425532,0.2727272727272727,1.0,0.6363636363636364
"P0004, P0065",P0044,0.06,0.22,0.06,1.0,4.545454545454546,1.0,0.046799999999999994,inf,0.8297872340425532,0.2727272727272727,1.0,0.6363636363636364
"P0094, P0004",P0044,0.06,0.22,0.06,1.0,4.545454545454546,1.0,0.046799999999999994,inf,0.8297872340425532,0.2727272727272727,1.0,0.6363636363636364
"P0064, P0013",P0044,0.06,0.22,0.06,1.0,4.545454545454546,1.0,0.046799999999999994,inf,0.8297872340425532,0.2727272727272727,1.0,0.6363636363636364
"P0088, P0013",P0044,0.06,0.22,0.06,1.0,4.545454545454546,1.0,0.046799999999999994,inf,0.8297872340425532,0.2727272727272727,1.0,0.6363636363636364
"P0023, P0089",P0065,0.06,0.22,0.06,1.0,4.545454545454546,1.0,0.046799999999999994,inf,0.8297872340425532,0.2727272727272727,1.0,0.6363636363636364
"P0055, P0044",P0030,0.06,0.22,0.06,1.0,4.545454545454546,1.0,0.046799999999999994,inf,0.8297872340425532,0.2727272727272727,1.0,0.6363636363636364
"P0089, P0031",P0065,0.06,0.22,0.06,1.0,4.545454545454546,1.0,0.046799999999999994,inf,0.8297872340425532,0.2727272727272727,1.0,0.6363636363636364
"P0088, P0079",P0044,0.06,0.22,0.06,1.0,4.545454545454546,1.0,0.046799999999999994,inf,0.8297872340425532,0.2727272727272727,1.0,0.6363636363636364
"P0053, P0070",P0077,0.06,0.22,0.06,1.0,4.545454545454546,1.0,0.046799999999999994,inf,0.8297872340425532,0.2727272727272727,1.0,0.6363636363636364
"P0064, P0079, P0013",P0044,0.06,0.22,0.06,1.0,4.545454545454546,1.0,0.046799999999999994,inf,0.8297872340425532,0.2727272727272727,1.0,0.6363636363636364
"P0088, P0064, P0013",P0044,0.06,0.22,0.06,1.0,4.545454545454546,1.0,0.046799999999999994,inf,0.8297872340425532,0.2727272727272727,1.0,0.6363636363636364
"P0088, P0079, P0013",P0044,0.06,0.22,0.06,1.0,4.545454545454546,1.0,0.046799999999999994,inf,0.8297872340425532,0.2727272727272727,1.0,0.6363636363636364
"P0088, P0064, P0079",P0044,0.06,0.22,0.06,1.0,4.545454545454546,1.0,0.046799999999999994,inf,0.8297872340425532,0.2727272727272727,1.0,0.6363636363636364
"P0088, P0064, P0079, P0013",P0044,0.06,0.22,0.06,1.0,4.545454545454546,1.0,0.046799999999999994,inf,0.8297872340425532,0.2727272727272727,1.0,0.6363636363636364
P0039,P0015,0.14,0.16,0.1,0.7142857142857143,4.464285714285714,1.0,0.0776,2.94,0.9023255813953488,0.49999999999999994,0.6598639455782312,0.6696428571428572
P0015,P0039,0.16,0.14,0.1,0.625,4.4642857142857135,1.0,0.0776,2.2933333333333334,0.9238095238095237,0.49999999999999994,0.563953488372093,0.6696428571428572
P0032,P0046,0.1,0.14,0.06,0.6,4.285714285714286,1.0,0.046,2.15,0.8518518518518519,0.33333333333333326,0.5348837209302325,0.5142857142857142
"P0003, P0070",P0026,0.1,0.14,0.06,0.6,4.285714285714286,1.0,0.046,2.15,0.8518518518518519,0.33333333333333326,0.5348837209302325,0.5142857142857142
"P0004, P0011",P0013,0.1,0.14,0.06,0.6,4.285714285714286,1.0,0.046,2.15,0.8518518518518519,0.33333333333333326,0.5348837209302325,0.5142857142857142
"P0064, P0079",P0013,0.1,0.14,0.06,0.6,4.285714285714286,1.0,0.046,2.15,0.8518518518518519,0.33333333333333326,0.5348837209302325,0.5142857142857142
"P0015, P0070",P0016,0.1,0.14,0.06,0.6,4.285714285714286,1.0,0.046,2.15,0.8518518518518519,0.33333333333333326,0.5348837209302325,0.5142857142857142
"P0015, P0039",P0022,0.1,0.14,0.06,0.6,4.285714285714286,1.0,0.046,2.15,0.8518518518518519,0.33333333333333326,0.5348837209302325,0.5142857142857142
"P0064, P0079",P0024,0.1,0.14,0.06,0.6,4.285714285714286,1.0,0.046,2.15,0.8518518518518519,0.33333333333333326,0.5348837209302325,0.5142857142857142
"P0033, P0070",P0029,0.1,0.14,0.06,0.6,4.285714285714286,1.0,0.046,2.15,0.8518518518518519,0.33333333333333326,0.5348837209302325,0.5142857142857142
P0032,"P0051, P0070",0.1,0.14,0.06,0.6,4.285714285714286,1.0,0.046,2.15,0.8518518518518519,0.33333333333333326,0.5348837209302325,0.5142857142857142
"P0070, P0077",P0053,0.1,0.14,0.06,0.6,4.285714285714286,1.0,0.046,2.15,0.8518518518518519,0.33333333333333326,0.5348837209302325,0.5142857142857142
"P0015, P0039","P0051, P0070",0.1,0.14,0.06,0.6,4.285714285714286,1.0,0.046,2.15,0.8518518518518519,0.33333333333333326,0.5348837209302325,0.5142857142857142
"P0064, P0013",P0088,0.06,0.24,0.06,1.0,4.166666666666667,1.0,0.0456,inf,0.8085106382978725,0.25,1.0,0.625
"P0064, P0044",P0088,0.06,0.24,0.06,1.0,4.166666666666667,1.0,0.0456,inf,0.8085106382978725,0.25,1.0,0.625
"P0099, P0070",P0088,0.06,0.24,0.06,1.0,4.166666666666667,1.0,0.0456,inf,0.8085106382978725,0.25,1.0,0.625
"P0072, P0076",P0088,0.06,0.24,0.06,1.0,4.166666666666667,1.0,0.0456,inf,0.8085106382978725,0.25,1.0,0.625
"P0098, P0083",P0088,0.06,0.24,0.06,1.0,4.166666666666667,1.0,0.0456,inf,0.8085106382978725,0.25,1.0,0.625
"P0064, P0044, P0013",P0088,0.06,0.24,0.06,1.0,4.166666666666667,1.0,0.0456,inf,0.8085106382978725,0.25,1.0,0.625
"P0064, P0079, P0013",P0088,0.06,0.24,0.06,1.0,4.166666666666667,1.0,0.0456,inf,0.8085106382978725,0.25,1.0,0.625
"P0064, P0044, P0079",P0088,0.06,0.24,0.06,1.0,4.166666666666667,1.0,0.0456,inf,0.8085106382978725,0.25,1.0,0.625
"P0098, P0099, P0083",P0088,0.06,0.24,0.06,1.0,4.166666666666667,1.0,0.0456,inf,0.8085106382978725,0.25,1.0,0.625
"P0044, P0064, P0079, P0013",P0088,0.06,0.24,0.06,1.0,4.166666666666667,1.0,0.0456,inf,0.8085106382978725,0.25,1.0,0.625
"P0051, P0054",P0002,0.08,0.18,0.06,0.75,4.166666666666667,1.0,0.0456,3.2800000000000002,0.8260869565217391,0.3,0.6951219512195123,0.5416666666666666
"P0004, P0013",P0011,0.08,0.18,0.06,0.75,4.166666666666667,1.0,0.0456,3.2800000000000002,0.8260869565217391,0.3,0.6951219512195123,0.5416666666666666
"P0050, P0006",P0011,0.08,0.18,0.06,0.75,4.166666666666667,1.0,0.0456,3.2800000000000002,0.8260869565217391,0.3,0.6951219512195123,0.5416666666666666
"P0050, P0006",P0052,0.08,0.18,0.06,0.75,4.166666666666667,1.0,0.0456,3.2800000000000002,0.8260869565217391,0.3,0.6951219512195123,0.5416666666666666
"P0051, P0015",P0008,0.08,0.18,0.06,0.75,4.166666666666667,1.0,0.0456,3.2800000000000002,0.8260869565217391,0.3,0.6951219512195123,0.5416666666666666
"P0051, P0054",P0050,0.08,0.18,0.06,0.75,4.166666666666667,1.0,0.0456,3.2800000000000002,0.8260869565217391,0.3,0.6951219512195123,0.5416666666666666
"P0051, P0054",P0093,0.08,0.18,0.06,0.75,4.166666666666667,1.0,0.0456,3.2800000000000002,0.8260869565217391,0.3,0.6951219512195123,0.5416666666666666
"P0088, P0073",P0060,0.08,0.18,0.06,0.75,4.166666666666667,1.0,0.0456,3.2800000000000002,0.8260869565217391,0.3,0.6951219512195123,0.5416666666666666
P0086,P0005,0.12,0.16,0.08,0.6666666666666667,4.166666666666667,1.0,0.06080000000000001,2.5200000000000005,0.8636363636363636,0.39999999999999997,0.6031746031746033,0.5833333333333334
P0083,P0099,0.12,0.16,0.08,0.6666666666666667,4.166666666666667,1.0,0.06080000000000001,2.5200000000000005,0.8636363636363636,0.39999999999999997,0.6031746031746033,0.5833333333333334
P0005,P0086,0.16,0.12,0.08,0.5,4.166666666666667,1.0,0.06080000000000001,1.76,0.9047619047619049,0.39999999999999997,0.4318181818181818,0.5833333333333334
P0048,P0082,0.12,0.12,0.06,0.5,4.166666666666667,1.0,0.0456,1.76,0.8636363636363636,0.3333333333333333,0.4318181818181818,0.5
P0082,P0048,0.12,0.12,0.06,0.5,4.166666666666667,1.0,0.0456,1.76,0.8636363636363636,0.3333333333333333,0.4318181818181818,0.5
P0086,P0083,0.12,0.12,0.06,0.5,4.166666666666667,1.0,0.0456,1.76,0.8636363636363636,0.3333333333333333,0.4318181818181818,0.5
P0083,P0086,0.12,0.12,0.06,0.5,4.166666666666667,1.0,0.0456,1.76,0.8636363636363636,0.3333333333333333,0.4318181818181818,0.5
P0099,P0083,0.16,0.12,0.08,0.5,4.166666666666667,1.0,0.06080000000000001,1.76,0.9047619047619049,0.39999999999999997,0.4318181818181818,0.5833333333333334
"P0054, P0002",P0051,0.06,0.26,0.06,1.0,3.846153846153846,1.0,0.044399999999999995,inf,0.7872340425531915,0.23076923076923075,1.0,0.6153846153846154
"P0015, P0008",P0051,0.06,0.26,0.06,1.0,3.846153846153846,1.0,0.044399999999999995,inf,0.7872340425531915,0.23076923076923075,1.0,0.6153846153846154
"P0039, P0016",P0051,0.06,0.26,0.06,1.0,3.846153846153846,1.0,0.044399999999999995,inf,0.7872340425531915,0.23076923076923075,1.0,0.6153846153846154
"P0023, P0065",P0089,0.06,0.26,0.06,1.0,3.846153846153846,1.0,0.044399999999999995,inf,0.7872340425531915,0.23076923076923075,1.0,0.6153846153846154
"P0032, P0070",P0051,0.06,0.26,0.06,1.0,3.846153846153846,1.0,0.044399999999999995,inf,0.7872340425531915,0.23076923076923075,1.0,0.6153846153846154
"P0043, P0065",P0089,0.06,0.26,0.06,1.0,3.846153846153846,1.0,0.044399999999999995,inf,0.7872340425531915,0.23076923076923075,1.0,0.6153846153846154
"P0050, P0054",P0051,0.06,0.26,0.06,1.0,3.846153846153846,1.0,0.044399999999999995,inf,0.7872340425531915,0.23076923076923075,1.0,0.6153846153846154
"P0054, P0093",P0051,0.06,0.26,0.06,1.0,3.846153846153846,1.0,0.044399999999999995,inf,0.7872340425531915,0.23076923076923075,1.0,0.6153846153846154
"P0044, P0013",P0064,0.08,0.2,0.06,0.75,3.75,1.0,0.044,3.2,0.7971014492753623,0.2727272727272727,0.6875,0.525
"P0064, P0024",P0079,0.08,0.2,0.06,0.75,3.75,1.0,0.044,3.2,0.7971014492753623,0.2727272727272727,0.6875,0.525
"P0088, P0044",P0064,0.08,0.2,0.06,0.75,3.75,1.0,0.044,3.2,0.7971014492753623,0.2727272727272727,0.6875,0.525
"P0088, P0044",P0079,0.08,0.2,0.06,0.75,3.75,1.0,0.044,3.2,0.7971014492753623,0.2727272727272727,0.6875,0.525
"P0094, P0044",P0079,0.08,0.2,0.06,0.75,3.75,1.0,0.044,3.2,0.7971014492753623,0.2727272727272727,0.6875,0.525
"P0050, P0051",P0054,0.08,0.2,0.06,0.75,3.75,1.0,0.044,3.2,0.7971014492753623,0.2727272727272727,0.6875,0.525
"P0088, P0064",P0079,0.08,0.2,0.06,0.75,3.75,1.0,0.044,3.2,0.7971014492753623,0.2727272727272727,0.6875,0.525
"P0044, P0079, P0013",P0064,0.08,0.2,0.06,0.75,3.75,1.0,0.044,3.2,0.7971014492753623,0.2727272727272727,0.6875,0.525
P0047,P0003,0.1,0.16,0.06,0.6,3.75,1.0,0.044,2.0999999999999996,0.8148148148148148,0.3,0.5238095238095237,0.4875
P0041,P0023,0.1,0.16,0.06,0.6,3.75,1.0,0.044,2.0999999999999996,0.8148148148148148,0.3,0.5238095238095237,0.4875
P0062,P0033,0.1,0.16,0.06,0.6,3.75,1.0,0.044,2.0999999999999996,0.8148148148148148,0.3,0.5238095238095237,0.4875
"P0089, P0065",P0023,0.1,0.16,0.06,0.6,3.75,1.0,0.044,2.0999999999999996,0.8148148148148148,0.3,0.5238095238095237,0.4875
"P0044, P0079",P0094,0.1,0.16,0.06,0.6,3.75,1.0,0.044,2.0999999999999996,0.8148148148148148,0.3,0.5238095238095237,0.4875
P0010,P0050,0.12,0.18,0.08,0.6666666666666667,3.703703703703704,1.0,0.05840000000000001,2.460000000000001,0.8295454545454546,0.3636363636363637,0.5934959349593496,0.5555555555555556
"P0079, P0013",P0044,0.1,0.22,0.08,0.7999999999999999,3.6363636363636362,1.0,0.057999999999999996,3.899999999999999,0.8055555555555554,0.33333333333333337,0.7435897435897435,0.5818181818181818
P0013,P0079,0.14,0.2,0.1,0.7142857142857143,3.571428571428571,1.0,0.07200000000000001,2.8000000000000003,0.8372093023255814,0.41666666666666663,0.6428571428571428,0.6071428571428572
P0055,P0009,0.14,0.16,0.08,0.5714285714285714,3.571428571428571,1.0,0.0576,1.9599999999999997,0.8372093023255813,0.3636363636363636,0.48979591836734687,0.5357142857142857
P0022,P0015,0.14,0.16,0.08,0.5714285714285714,3.571428571428571,1.0,0.0576,1.9599999999999997,0.8372093023255813,0.3636363636363636,0.48979591836734687,0.5357142857142857
P0098,P0099,0.14,0.16,0.08,0.5714285714285714,3.571428571428571,1.0,0.0576,1.9599999999999997,0.8372093023255813,0.3636363636363636,0.48979591836734687,0.5357142857142857
P0012,P0007,0.12,0.14,0.06,0.5,3.571428571428571,1.0,0.043199999999999995,1.72,0.8181818181818181,0.3,0.41860465116279066,0.46428571428571425
P0040,P0007,0.12,0.14,0.06,0.5,3.571428571428571,1.0,0.043199999999999995,1.72,0.8181818181818181,0.3,0.41860465116279066,0.46428571428571425
P0009,P0055,0.16,0.14,0.08,0.5,3.571428571428571,1.0,0.0576,1.72,0.8571428571428572,0.3636363636363636,0.41860465116279066,0.5357142857142857
P0012,P0028,0.12,0.14,0.06,0.5,3.571428571428571,1.0,0.043199999999999995,1.72,0.8181818181818181,0.3,0.41860465116279066,0.46428571428571425
P0079,P0013,0.2,0.14,0.1,0.5,3.571428571428571,1.0,0.07200000000000001,1.72,0.8999999999999999,0.41666666666666663,0.41860465116279066,0.6071428571428572
P0040,P0014,0.12,0.14,0.06,0.5,3.571428571428571,1.0,0.043199999999999995,1.72,0.8181818181818181,0.3,0.41860465116279066,0.46428571428571425
P0048,P0014,0.12,0.14,0.06,0.5,3.571428571428571,1.0,0.043199999999999995,1.72,0.8181818181818181,0.3,0.41860465116279066,0.46428571428571425
P0083,P0014,0.12,0.14,0.06,0.5,3.571428571428571,1.0,0.043199999999999995,1.72,0.8181818181818181,0.3,0.41860465116279066,0.46428571428571425
P0015,P0022,0.16,0.14,0.08,0.5,3.571428571428571,1.0,0.0576,1.72,0.8571428571428572,0.3636363636363636,0.41860465116279066,0.5357142857142857
P0038,P0016,0.12,0.14,0.06,0.5,3.571428571428571,1.0,0.043199999999999995,1.72,0.8181818181818181,0.3,0.41860465116279066,0.46428571428571425
P0019,P0026,0.12,0.14,0.06,0.5,3.571428571428571,1.0,0.043199999999999995,1.72,0.8181818181818181,0.3,0.41860465116279066,0.46428571428571425
P0086,P0055,0.12,0.14,0.06,0.5,3.571428571428571,1.0,0.043199999999999995,1.72,0.8181818181818181,0.3,0.41860465116279066,0.46428571428571425
P0069,P0056,0.12,0.14,0.06,0.5,3.571428571428571,1.0,0.043199999999999995,1.72,0.8181818181818181,0.3,0.41860465116279066,0.46428571428571425
P0059,P0087,0.12,0.14,0.06,0.5,3.571428571428571,1.0,0.043199999999999995,1.72,0.8181818181818181,0.3,0.41860465116279066,0.46428571428571425
P0072,P0076,0.12,0.14,0.06,0.5,3.571428571428571,1.0,0.043199999999999995,1.72,0.8181818181818181,0.3,0.41860465116279066,0.46428571428571425
P0081,P0087,0.12,0.14,0.06,0.5,3.571428571428571,1.0,0.043199999999999995,1.72,0.8181818181818181,0.3,0.41860465116279066,0.46428571428571425
P0083,P0098,0.12,0.14,0.06,0.5,3.571428571428571,1.0,0.043199999999999995,1.72,0.8181818181818181,0.3,0.41860465116279066,0.46428571428571425
P0095,P0091,0.12,0.14,0.06,0.5,3.571428571428571,1.0,0.043199999999999995,1.72,0.8181818181818181,0.3,0.41860465116279066,0.46428571428571425
P0099,P0098,0.16,0.14,0.08,0.5,3.571428571428571,1.0,0.0576,1.72,0.8571428571428572,0.3636363636363636,0.41860465116279066,0.5357142857142857
P0035,P0077,0.08,0.22,0.06,0.75,3.409090909090909,1.0,0.04239999999999999,3.12,0.7681159420289854,0.25,0.6794871794871795,0.5113636363636364
"P0030, P0011",P0004,0.08,0.22,0.06,0.75,3.409090909090909,1.0,0.04239999999999999,3.12,0.7681159420289854,0.25,0.6794871794871795,0.5113636363636364
"P0044, P0004",P0065,0.08,0.22,0.06,0.75,3.409090909090909,1.0,0.04239999999999999,3.12,0.7681159420289854,0.25,0.6794871794871795,0.5113636363636364
"P0094, P0044",P0004,0.08,0.22,0.06,0.75,3.409090909090909,1.0,0.04239999999999999,3.12,0.7681159420289854,0.25,0.6794871794871795,0.5113636363636364
"P0019, P0070",P0065,0.08,0.22,0.06,0.75,3.409090909090909,1.0,0.04239999999999999,3.12,0.7681159420289854,0.25,0.6794871794871795,0.5113636363636364
"P0030, P0055",P0044,0.08,0.22,0.06,0.75,3.409090909090909,1.0,0.04239999999999999,3.12,0.7681159420289854,0.25,0.6794871794871795,0.5113636363636364
"P0088, P0064",P0044,0.08,0.22,0.06,0.75,3.409090909090909,1.0,0.04239999999999999,3.12,0.7681159420289854,0.25,0.6794871794871795,0.5113636363636364
"P0094, P0079",P0044,0.08,0.22,0.06,0.75,3.409090909090909,1.0,0.04239999999999999,3.12,0.7681159420289854,0.25,0.6794871794871795,0.5113636363636364
P0080,P0002,0.1,0.18,0.06,0.6,3.3333333333333335,1.0,0.041999999999999996,2.05,0.7777777777777777,0.2727272727272727,0.5121951219512194,0.4666666666666667
P0068,P0011,0.1,0.18,0.06,0.6,3.3333333333333335,1.0,0.041999999999999996,2.05,0.7777777777777777,0.2727272727272727,0.5121951219512194,0.4666666666666667
P0080,P0011,0.1,0.18,0.06,0.6,3.3333333333333335,1.0,0.041999999999999996,2.05,0.7777777777777777,0.2727272727272727,0.5121951219512194,0.4666666666666667
P0017,P0093,0.1,0.18,0.06,0.6,3.3333333333333335,1.0,0.041999999999999996,2.05,0.7777777777777777,0.2727272727272727,0.5121951219512194,0.4666666666666667
P0085,P0052,0.1,0.18,0.06,0.6,3.3333333333333335,1.0,0.041999999999999996,2.05,0.7777777777777777,0.2727272727272727,0.5121951219512194,0.4666666666666667
P0085,P0093,0.1,0.18,0.06,0.6,3.3333333333333335,1.0,0.041999999999999996,2.05,0.7777777777777777,0.2727272727272727,0.5121951219512194,0.4666666666666667
"P0049, P0070",P0001,0.1,0.18,0.06,0.6,3.3333333333333335,1.0,0.041999999999999996,2.05,0.7777777777777777,0.2727272727272727,0.5121951219512194,0.4666666666666667
"P0070, P0024",P0011,0.1,0.18,0.06,0.6,3.3333333333333335,1.0,0.041999999999999996,2.05,0.7777777777777777,0.2727272727272727,0.5121951219512194,0.4666666666666667
"P0033, P0070",P0052,0.1,0.18,0.06,0.6,3.3333333333333335,1.0,0.041999999999999996,2.05,0.7777777777777777,0.2727272727272727,0.5121951219512194,0.4666666666666667
P0076,P0065,0.14,0.22,0.1,0.7142857142857143,3.2467532467532467,1.0,0.0692,2.7300000000000004,0.8046511627906976,0.38461538461538464,0.6336996336996338,0.5844155844155845
P0091,P0001,0.14,0.18,0.08,0.5714285714285714,3.1746031746031744,1.0,0.0548,1.9133333333333333,0.7965116279069767,0.33333333333333337,0.47735191637630653,0.5079365079365079
P0028,P0060,0.14,0.18,0.08,0.5714285714285714,3.1746031746031744,1.0,0.0548,1.9133333333333333,0.7965116279069767,0.33333333333333337,0.47735191637630653,0.5079365079365079
P0073,P0060,0.14,0.18,0.08,0.5714285714285714,3.1746031746031744,1.0,0.0548,1.9133333333333333,0.7965116279069767,0.33333333333333337,0.47735191637630653,0.5079365079365079
"P0044, P0013",P0088,0.08,0.24,0.06,0.75,3.125,1.0,0.0408,3.04,0.7391304347826088,0.23076923076923075,0.6710526315789473,0.5
"P0019, P0070",P0043,0.08,0.24,0.06,0.75,3.125,1.0,0.0408,3.04,0.7391304347826088,0.23076923076923075,0.6710526315789473,0.5
"P0073, P0060",P0088,0.08,0.24,0.06,0.75,3.125,1.0,0.0408,3.04,0.7391304347826088,0.23076923076923075,0.6710526315789473,0.5
"P0099, P0083",P0088,0.08,0.24,0.06,0.75,3.125,1.0,0.0408,3.04,0.7391304347826088,0.23076923076923075,0.6710526315789473,0.5
"P0098, P0099",P0088,0.08,0.24,0.06,0.75,3.125,1.0,0.0408,3.04,0.7391304347826088,0.23076923076923075,0.6710526315789473,0.5
"P0044, P0079, P0013",P0088,0.08,0.24,0.06,0.75,3.125,1.0,0.0408,3.04,0.7391304347826088,0.23076923076923075,0.6710526315789473,0.5
P0000,P0023,0.12,0.16,0.06,0.5,3.125,1.0,0.0408,1.68,0.7727272727272728,0.2727272727272727,0.40476190476190477,0.4375
P0059,P0005,0.12,0.16,0.06,0.5,3.125,1.0,0.0408,1.68,0.7727272727272728,0.2727272727272727,0.40476190476190477,0.4375
P0012,P0009,0.12,0.16,0.06,0.5,3.125,1.0,0.0408,1.68,0.7727272727272728,0.2727272727272727,0.40476190476190477,0.4375
P0038,P0009,0.12,0.16,0.06,0.5,3.125,1.0,0.0408,1.68,0.7727272727272728,0.2727272727272727,0.40476190476190477,0.4375
P0018,P0094,0.12,0.16,0.06,0.5,3.125,1.0,0.0408,1.68,0.7727272727272728,0.2727272727272727,0.40476190476190477,0.4375
P0019,P0094,0.12,0.16,0.06,0.5,3.125,1.0,0.0408,1.68,0.7727272727272728,0.2727272727272727,0.40476190476190477,0.4375
P0048,P0078,0.12,0.16,0.06,0.5,3.125,1.0,0.0408,1.68,0.7727272727272728,0.2727272727272727,0.40476190476190477,0.4375
P0082,P0063,0.12,0.16,0.06,0.5,3.125,1.0,0.0408,1.68,0.7727272727272728,0.2727272727272727,0.40476190476190477,0.4375
P0075,P0094,0.12,0.16,0.06,0.5,3.125,1.0,0.0408,1.68,0.7727272727272728,0.2727272727272727,0.40476190476190477,0.4375
P0082,P0078,0.12,0.16,0.06,0.5,3.125,1.0,0.0408,1.68,0.7727272727272728,0.2727272727272727,0.40476190476190477,0.4375
"P0070, P0077",P0051,0.1,0.26,0.08,0.7999999999999999,3.0769230769230766,1.0,0.054,3.699999999999999,0.7499999999999999,0.28571428571428575,0.7297297297297296,0.5538461538461539
P0019,P0065,0.12,0.22,0.08,0.6666666666666667,3.0303030303030307,1.0,0.0536,2.3400000000000007,0.7613636363636364,0.30769230769230776,0.5726495726495727,0.5151515151515151
P0031,P0065,0.12,0.22,0.08,0.6666666666666667,3.0303030303030307,1.0,0.0536,2.3400000000000007,0.7613636363636364,0.30769230769230776,0.5726495726495727,0.5151515151515151
"P0079, P0013",P0064,0.1,0.2,0.06,0.6,2.9999999999999996,1.0,0.039999999999999994,2.0,0.7407407407407406,0.24999999999999994,0.49999999999999994,0.44999999999999996
"P0070, P0024",P0064,0.1,0.2,0.06,0.6,2.9999999999999996,1.0,0.039999999999999994,2.0,0.7407407407407406,0.24999999999999994,0.49999999999999994,0.44999999999999996
"P0044, P0079",P0064,0.1,0.2,0.06,0.6,2.9999999999999996,1.0,0.039999999999999994,2.0,0.7407407407407406,0.24999999999999994,0.49999999999999994,0.44999999999999996
P0042,P0070,0.1,0.34,0.1,1.0,2.941176470588235,1.0,0.066,inf,0.7333333333333333,0.2941176470588235,1.0,0.6470588235294118
"P0003, P0026",P0070,0.06,0.34,0.06,1.0,2.941176470588235,1.0,0.039599999999999996,inf,0.7021276595744681,0.1764705882352941,1.0,0.5882352941176471
"P0003, P0047",P0070,0.06,0.34,0.06,1.0,2.941176470588235,1.0,0.039599999999999996,inf,0.7021276595744681,0.1764705882352941,1.0,0.5882352941176471
"P0051, P0004",P0070,0.06,0.34,0.06,1.0,2.941176470588235,1.0,0.039599999999999996,inf,0.7021276595744681,0.1764705882352941,1.0,0.5882352941176471
"P0012, P0007",P0070,0.06,0.34,0.06,1.0,2.941176470588235,1.0,0.039599999999999996,inf,0.7021276595744681,0.1764705882352941,1.0,0.5882352941176471
"P0040, P0007",P0070,0.06,0.34,0.06,1.0,2.941176470588235,1.0,0.039599999999999996,inf,0.7021276595744681,0.1764705882352941,1.0,0.5882352941176471
"P0024, P0011",P0070,0.06,0.34,0.06,1.0,2.941176470588235,1.0,0.039599999999999996,inf,0.7021276595744681,0.1764705882352941,1.0,0.5882352941176471
"P0048, P0014",P0070,0.06,0.34,0.06,1.0,2.941176470588235,1.0,0.039599999999999996,inf,0.7021276595744681,0.1764705882352941,1.0,0.5882352941176471
"P0015, P0016",P0070,0.06,0.34,0.06,1.0,2.941176470588235,1.0,0.039599999999999996,inf,0.7021276595744681,0.1764705882352941,1.0,0.5882352941176471
"P0015, P0022",P0070,0.08,0.34,0.08,1.0,2.941176470588235,1.0,0.0528,inf,0.717391304347826,0.23529411764705882,1.0,0.6176470588235294
"P0094, P0019",P0070,0.06,0.34,0.06,1.0,2.941176470588235,1.0,0.039599999999999996,inf,0.7021276595744681,0.1764705882352941,1.0,0.5882352941176471
"P0039, P0022",P0070,0.06,0.34,0.06,1.0,2.941176470588235,1.0,0.039599999999999996,inf,0.7021276595744681,0.1764705882352941,1.0,0.5882352941176471
"P0033, P0029",P0070,0.06,0.34,0.06,1.0,2.941176470588235,1.0,0.039599999999999996,inf,0.7021276595744681,0.1764705882352941,1.0,0.5882352941176471
"P0051, P0032",P0070,0.06,0.34,0.06,1.0,2.941176470588235,1.0,0.039599999999999996,inf,0.7021276595744681,0.1764705882352941,1.0,0.5882352941176471
"P0033, P0052",P0070,0.06,0.34,0.06,1.0,2.941176470588235,1.0,0.039599999999999996,inf,0.7021276595744681,0.1764705882352941,1.0,0.5882352941176471
"P0051, P0049",P0070,0.06,0.34,0.06,1.0,2.941176470588235,1.0,0.039599999999999996,inf,0.7021276595744681,0.1764705882352941,1.0,0.5882352941176471
"P0051, P0077",P0070,0.08,0.34,0.08,1.0,2.941176470588235,1.0,0.0528,inf,0.717391304347826,0.23529411764705882,1.0,0.6176470588235294
"P0053, P0077",P0070,0.06,0.34,0.06,1.0,2.941176470588235,1.0,0.039599999999999996,inf,0.7021276595744681,0.1764705882352941,1.0,0.5882352941176471
"P0015, P0039, P0022",P0070,0.06,0.34,0.06,1.0,2.941176470588235,1.0,0.039599999999999996,inf,0.7021276595744681,0.1764705882352941,1.0,0.5882352941176471
"P0051, P0015, P0039",P0070,0.06,0.34,0.06,1.0,2.941176470588235,1.0,0.039599999999999996,inf,0.7021276595744681,0.1764705882352941,1.0,0.5882352941176471
"P0065, P0031",P0089,0.08,0.26,0.06,0.75,2.8846153846153846,1.0,0.0392,2.96,0.7101449275362318,0.21428571428571425,0.6621621621621622,0.49038461538461536
"P0070, P0039",P0051,0.08,0.26,0.06,0.75,2.8846153846153846,1.0,0.0392,2.96,0.7101449275362318,0.21428571428571425,0.6621621621621622,0.49038461538461536
"P0015, P0070, P0039",P0051,0.08,0.26,0.06,0.75,2.8846153846153846,1.0,0.0392,2.96,0.7101449275362318,0.21428571428571425,0.6621621621621622,0.49038461538461536
P0020,P0054,0.14,0.2,0.08,0.5714285714285714,2.8571428571428568,1.0,0.052,1.8666666666666667,0.7558139534883721,0.3076923076923077,0.4642857142857142,0.48571428571428565
P0024,P0064,0.14,0.2,0.08,0.5714285714285714,2.8571428571428568,1.0,0.052,1.8666666666666667,0.7558139534883721,0.3076923076923077,0.4642857142857142,0.48571428571428565
P0019,P0043,0.12,0.24,0.08,0.6666666666666667,2.777777777777778,1.0,0.0512,2.2800000000000007,0.7272727272727273,0.28571428571428575,0.5614035087719299,0.5
P0000,P0008,0.12,0.18,0.06,0.5,2.7777777777777777,1.0,0.038400000000000004,1.6400000000000001,0.7272727272727273,0.25,0.39024390243902435,0.41666666666666663
P0000,P0071,0.12,0.18,0.06,0.5,2.7777777777777777,1.0,0.038400000000000004,1.6400000000000001,0.7272727272727273,0.25,0.39024390243902435,0.41666666666666663
P0095,P0002,0.12,0.18,0.06,0.5,2.7777777777777777,1.0,0.038400000000000004,1.6400000000000001,0.7272727272727273,0.25,0.39024390243902435,0.41666666666666663
P0005,P0071,0.16,0.18,0.08,0.5,2.7777777777777777,1.0,0.0512,1.6400000000000001,0.761904761904762,0.30769230769230776,0.39024390243902435,0.4722222222222222
P0019,P0011,0.12,0.18,0.06,0.5,2.7777777777777777,1.0,0.038400000000000004,1.6400000000000001,0.7272727272727273,0.25,0.39024390243902435,0.41666666666666663
P0082,P0011,0.12,0.18,0.06,0.5,2.7777777777777777,1.0,0.038400000000000004,1.6400000000000001,0.7272727272727273,0.25,0.39024390243902435,0.41666666666666663
P0012,P0050,0.12,0.18,0.06,0.5,2.7777777777777777,1.0,0.038400000000000004,1.6400000000000001,0.7272727272727273,0.25,0.39024390243902435,0.41666666666666663
P0059,P0021,0.12,0.18,0.06,0.5,2.7777777777777777,1.0,0.038400000000000004,1.6400000000000001,0.7272727272727273,0.25,0.39024390243902435,0.41666666666666663
P0095,P0050,0.12,0.18,0.06,0.5,2.7777777777777777,1.0,0.038400000000000004,1.6400000000000001,0.7272727272727273,0.25,0.39024390243902435,0.41666666666666663
P0083,P0052,0.12,0.18,0.06,0.5,2.7777777777777777,1.0,0.038400000000000004,1.6400000000000001,0.7272727272727273,0.25,0.39024390243902435,0.41666666666666663
P0086,P0052,0.12,0.18,0.06,0.5,2.7777777777777777,1.0,0.038400000000000004,1.6400000000000001,0.7272727272727273,0.25,0.39024390243902435,0.41666666666666663
P0059,P0071,0.12,0.18,0.06,0.5,2.7777777777777777,1.0,0.038400000000000004,1.6400000000000001,0.7272727272727273,0.25,0.39024390243902435,0.41666666666666663
P0025,P0004,0.1,0.22,0.06,0.6,2.727272727272727,1.0,0.03799999999999999,1.95,0.7037037037037036,0.23076923076923075,0.48717948717948717,0.43636363636363634
P0062,P0030,0.1,0.22,0.06,0.6,2.727272727272727,1.0,0.03799999999999999,1.95,0.7037037037037036,0.23076923076923075,0.48717948717948717,0.43636363636363634
P0068,P0077,0.1,0.22,0.06,0.6,2.727272727272727,1.0,0.03799999999999999,1.95,0.7037037037037036,0.23076923076923075,0.48717948717948717,0.43636363636363634
P0090,P0077,0.1,0.22,0.06,0.6,2.727272727272727,1.0,0.03799999999999999,1.95,0.7037037037037036,0.23076923076923075,0.48717948717948717,0.43636363636363634
"P0004, P0011",P0030,0.1,0.22,0.06,0.6,2.727272727272727,1.0,0.03799999999999999,1.95,0.7037037037037036,0.23076923076923075,0.48717948717948717,0.43636363636363634
"P0064, P0079",P0044,0.1,0.22,0.06,0.6,2.727272727272727,1.0,0.03799999999999999,1.95,0.7037037037037036,0.23076923076923075,0.48717948717948717,0.43636363636363634
P0013,P0004,0.14,0.22,0.08,0.5714285714285714,2.5974025974025974,1.0,0.049199999999999994,1.8199999999999998,0.7151162790697674,0.28571428571428575,0.4505494505494505,0.4675324675324675
P0013,P0044,0.14,0.22,0.08,0.5714285714285714,2.5974025974025974,1.0,0.049199999999999994,1.8199999999999998,0.7151162790697674,0.28571428571428575,0.4505494505494505,0.4675324675324675
P0055,P0030,0.14,0.22,0.08,0.5714285714285714,2.5974025974025974,1.0,0.049199999999999994,1.8199999999999998,0.7151162790697674,0.28571428571428575,0.4505494505494505,0.4675324675324675
P0073,P0030,0.14,0.22,0.08,0.5714285714285714,2.5974025974025974,1.0,0.049199999999999994,1.8199999999999998,0.7151162790697674,0.28571428571428575,0.4505494505494505,0.4675324675324675
"P0051, P0070",P0077,0.14,0.22,0.08,0.5714285714285714,2.5974025974025974,1.0,0.049199999999999994,1.8199999999999998,0.7151162790697674,0.28571428571428575,0.4505494505494505,0.4675324675324675
P0011,P0004,0.18,0.22,0.1,0.5555555555555556,2.5252525252525255,1.0,0.06040000000000001,1.7550000000000001,0.7365853658536585,0.3333333333333333,0.43019943019943024,0.5050505050505051
P0011,P0077,0.18,0.22,0.1,0.5555555555555556,2.5252525252525255,1.0,0.06040000000000001,1.7550000000000001,0.7365853658536585,0.3333333333333333,0.43019943019943024,0.5050505050505051
P0068,P0043,0.1,0.24,0.06,0.6,2.5,1.0,0.036,1.9,0.6666666666666666,0.2142857142857143,0.47368421052631576,0.425
P0047,P0088,0.1,0.24,0.06,0.6,2.5,1.0,0.036,1.9,0.6666666666666666,0.2142857142857143,0.47368421052631576,0.425
P0062,P0088,0.1,0.24,0.06,0.6,2.5,1.0,0.036,1.9,0.6666666666666666,0.2142857142857143,0.47368421052631576,0.425
"P0079, P0013",P0088,0.1,0.24,0.06,0.6,2.5,1.0,0.036,1.9,0.6666666666666666,0.2142857142857143,0.47368421052631576,0.425
"P0089, P0065",P0043,0.1,0.24,0.06,0.6,2.5,1.0,0.036,1.9,0.6666666666666666,0.2142857142857143,0.47368421052631576,0.425
"P0044, P0079",P0088,0.1,0.24,0.06,0.6,2.5,1.0,0.036,1.9,0.6666666666666666,0.2142857142857143,0.47368421052631576,0.425
"P0064, P0079",P0088,0.1,0.24,0.06,0.6,2.5,1.0,0.036,1.9,0.6666666666666666,0.2142857142857143,0.47368421052631576,0.425
P0031,P0006,0.12,0.2,0.06,0.5,2.5,1.0,0.036,1.6,0.6818181818181818,0.23076923076923075,0.37499999999999994,0.4
P0037,P0006,0.12,0.2,0.06,0.5,2.5,1.0,0.036,1.6,0.6818181818181818,0.23076923076923075,0.37499999999999994,0.4
P0009,P0079,0.16,0.2,0.08,0.5,2.5,1.0,0.048,1.6,0.7142857142857143,0.28571428571428575,0.37499999999999994,0.44999999999999996
P0036,P0064,0.16,0.2,0.08,0.5,2.5,1.0,0.048,1.6,0.7142857142857143,0.28571428571428575,0.37499999999999994,0.44999999999999996
P0038,P0064,0.12,0.2,0.06,0.5,2.5,1.0,0.036,1.6,0.6818181818181818,0.23076923076923075,0.37499999999999994,0.4
P0038,P0079,0.12,0.2,0.06,0.5,2.5,1.0,0.036,1.6,0.6818181818181818,0.23076923076923075,0.37499999999999994,0.4
P0095,P0054,0.12,0.2,0.06,0.5,2.5,1.0,0.036,1.6,0.6818181818181818,0.23076923076923075,0.37499999999999994,0.4
P0064,P0079,0.2,0.2,0.1,0.5,2.5,1.0,0.06,1.6,0.7499999999999998,0.3333333333333333,0.37499999999999994,0.5
P0079,P0064,0.2,0.2,0.1,0.5,2.5,1.0,0.06,1.6,0.7499999999999998,0.3333333333333333,0.37499999999999994,0.5
P0075,P0079,0.12,0.2,0.06,0.5,2.5,1.0,0.036,1.6,0.6818181818181818,0.23076923076923075,0.37499999999999994,0.4
P0094,P0079,0.16,0.2,0.08,0.5,2.5,1.0,0.048,1.6,0.7142857142857143,0.28571428571428575,0.37499999999999994,0.44999999999999996
P0026,P0043,0.14,0.24,0.08,0.5714285714285714,2.380952380952381,1.0,0.0464,1.7733333333333332,0.6744186046511628,0.26666666666666666,0.43609022556390975,0.4523809523809524
P0034,P0043,0.14,0.24,0.08,0.5714285714285714,2.380952380952381,1.0,0.0464,1.7733333333333332,0.6744186046511628,0.26666666666666666,0.43609022556390975,0.4523809523809524
P0073,P0088,0.14,0.24,0.08,0.5714285714285714,2.380952380952381,1.0,0.0464,1.7733333333333332,0.6744186046511628,0.26666666666666666,0.43609022556390975,0.4523809523809524
P0076,P0088,0.14,0.24,0.08,0.5714285714285714,2.380952380952381,1.0,0.0464,1.7733333333333332,0.6744186046511628,0.26666666666666666,0.43609022556390975,0.4523809523809524
P0098,P0088,0.14,0.24,0.08,0.5714285714285714,2.380952380952381,1.0,0.0464,1.7733333333333332,0.6744186046511628,0.26666666666666666,0.43609022556390975,0.4523809523809524
"P0015, P0039",P0070,0.1,0.34,0.08,0.7999999999999999,2.352941176470588,1.0,0.046,3.2999999999999985,0.6388888888888888,0.2222222222222222,0.6969696969696969,0.5176470588235293
P0032,P0051,0.1,0.26,0.06,0.6,2.3076923076923075,1.0,0.033999999999999996,1.8499999999999999,0.6296296296296295,0.2,0.45945945945945943,0.41538461538461535
"P0003, P0070",P0051,0.1,0.26,0.06,0.6,2.3076923076923075,1.0,0.033999999999999996,1.8499999999999999,0.6296296296296295,0.2,0.45945945945945943,0.41538461538461535
"P0070, P0004",P0051,0.1,0.26,0.06,0.6,2.3076923076923075,1.0,0.033999999999999996,1.8499999999999999,0.6296296296296295,0.2,0.45945945945945943,0.41538461538461535
"P0015, P0039",P0051,0.1,0.26,0.06,0.6,2.3076923076923075,1.0,0.033999999999999996,1.8499999999999999,0.6296296296296295,0.2,0.45945945945945943,0.41538461538461535
"P0015, P0070",P0051,0.1,0.26,0.06,0.6,2.3076923076923075,1.0,0.033999999999999996,1.8499999999999999,0.6296296296296295,0.2,0.45945945945945943,0.41538461538461535
"P0070, P0024",P0051,0.1,0.26,0.06,0.6,2.3076923076923075,1.0,0.033999999999999996,1.8499999999999999,0.6296296296296295,0.2,0.45945945945945943,0.41538461538461535
"P0049, P0070",P0051,0.1,0.26,0.06,0.6,2.3076923076923075,1.0,0.033999999999999996,1.8499999999999999,0.6296296296296295,0.2,0.45945945945945943,0.41538461538461535
P0000,P0030,0.12,0.22,0.06,0.5,2.272727272727273,1.0,0.0336,1.56,0.6363636363636364,0.2142857142857143,0.358974358974359,0.38636363636363635
P0010,P0004,0.12,0.22,0.06,0.5,2.272727272727273,1.0,0.0336,1.56,0.6363636363636364,0.2142857142857143,0.358974358974359,0.38636363636363635
P0082,P0004,0.12,0.22,0.06,0.5,2.272727272727273,1.0,0.0336,1.56,0.6363636363636364,0.2142857142857143,0.358974358974359,0.38636363636363635
P0019,P0030,0.12,0.22,0.06,0.5,2.272727272727273,1.0,0.0336,1.56,0.6363636363636364,0.2142857142857143,0.358974358974359,0.38636363636363635
P0019,P0044,0.12,0.22,0.06,0.5,2.272727272727273,1.0,0.0336,1.56,0.6363636363636364,0.2142857142857143,0.358974358974359,0.38636363636363635
P0082,P0030,0.12,0.22,0.06,0.5,2.272727272727273,1.0,0.0336,1.56,0.6363636363636364,0.2142857142857143,0.358974358974359,0.38636363636363635
P0075,P0044,0.12,0.22,0.06,0.5,2.272727272727273,1.0,0.0336,1.56,0.6363636363636364,0.2142857142857143,0.358974358974359,0.38636363636363635
P0079,P0044,0.2,0.22,0.1,0.5,2.272727272727273,1.0,0.056,1.56,0.6999999999999998,0.31249999999999994,0.358974358974359,0.4772727272727273
P0094,P0044,0.16,0.22,0.08,0.5,2.272727272727273,1.0,0.0448,1.56,0.6666666666666667,0.26666666666666666,0.358974358974359,0.4318181818181818
P0059,P0077,0.12,0.22,0.06,0.5,2.272727272727273,1.0,0.0336,1.56,0.6363636363636364,0.2142857142857143,0.358974358974359,0.38636363636363635
P0075,P0065,0.12,0.22,0.06,0.5,2.272727272727273,1.0,0.0336,1.56,0.6363636363636364,0.2142857142857143,0.358974358974359,0.38636363636363635
P0081,P0077,0.12,0.22,0.06,0.5,2.272727272727273,1.0,0.0336,1.56,0.6363636363636364,0.2142857142857143,0.358974358974359,0.38636363636363635
P0083,P0077,0.12,0.22,0.06,0.5,2.272727272727273,1.0,0.0336,1.56,0.6363636363636364,0.2142857142857143,0.358974358974359,0.38636363636363635
P0086,P0077,0.12,0.22,0.06,0.5,2.272727272727273,1.0,0.0336,1.56,0.6363636363636364,0.2142857142857143,0.358974358974359,0.38636363636363635
P0089,P0043,0.26,0.24,0.14,0.5384615384615385,2.243589743589744,1.0,0.07760000000000002,1.646666666666667,0.7490347490347491,0.38888888888888895,0.39271255060728755,0.5608974358974359
P0043,P0089,0.24,0.26,0.14,0.5833333333333334,2.2435897435897436,1.0,0.07760000000000002,1.7760000000000002,0.7293233082706768,0.38888888888888895,0.43693693693693697,0.5608974358974359
"P0001, P0049",P0070,0.08,0.34,0.06,0.75,2.205882352941176,1.0,0.032799999999999996,2.6399999999999997,0.5942028985507246,0.16666666666666663,0.6212121212121212,0.4632352941176471
"P0051, P0003",P0070,0.08,0.34,0.06,0.75,2.205882352941176,1.0,0.032799999999999996,2.6399999999999997,0.5942028985507246,0.16666666666666663,0.6212121212121212,0.4632352941176471
"P0051, P0015",P0070,0.08,0.34,0.06,0.75,2.205882352941176,1.0,0.032799999999999996,2.6399999999999997,0.5942028985507246,0.16666666666666663,0.6212121212121212,0.4632352941176471
"P0019, P0043",P0070,0.08,0.34,0.06,0.75,2.205882352941176,1.0,0.032799999999999996,2.6399999999999997,0.5942028985507246,0.16666666666666663,0.6212121212121212,0.4632352941176471
"P0019, P0065",P0070,0.08,0.34,0.06,0.75,2.205882352941176,1.0,0.032799999999999996,2.6399999999999997,0.5942028985507246,0.16666666666666663,0.6212121212121212,0.4632352941176471
"P0051, P0024",P0070,0.08,0.34,0.06,0.75,2.205882352941176,1.0,0.032799999999999996,2.6399999999999997,0.5942028985507246,0.16666666666666663,0.6212121212121212,0.4632352941176471
"P0064, P0024",P0070,0.08,0.34,0.06,0.75,2.205882352941176,1.0,0.032799999999999996,2.6399999999999997,0.5942028985507246,0.16666666666666663,0.6212121212121212,0.4632352941176471
"P0051, P0039",P0070,0.08,0.34,0.06,0.75,2.205882352941176,1.0,0.032799999999999996,2.6399999999999997,0.5942028985507246,0.16666666666666663,0.6212121212121212,0.4632352941176471
"P0099, P0088",P0070,0.08,0.34,0.06,0.75,2.205882352941176,1.0,0.032799999999999996,2.6399999999999997,0.5942028985507246,0.16666666666666663,0.6212121212121212,0.4632352941176471
P0016,P0051,0.14,0.26,0.08,0.5714285714285714,2.1978021978021975,1.0,0.0436,1.7266666666666666,0.6337209302325582,0.25,0.4208494208494208,0.43956043956043955
P0024,P0051,0.14,0.26,0.08,0.5714285714285714,2.1978021978021975,1.0,0.0436,1.7266666666666666,0.6337209302325582,0.25,0.4208494208494208,0.43956043956043955
P0039,P0051,0.14,0.26,0.08,0.5714285714285714,2.1978021978021975,1.0,0.0436,1.7266666666666666,0.6337209302325582,0.25,0.4208494208494208,0.43956043956043955
P0091,P0051,0.14,0.26,0.08,0.5714285714285714,2.1978021978021975,1.0,0.0436,1.7266666666666666,0.6337209302325582,0.25,0.4208494208494208,0.43956043956043955
P0056,P0089,0.14,0.26,0.08,0.5714285714285714,2.1978021978021975,1.0,0.0436,1.7266666666666666,0.6337209302325582,0.25,0.4208494208494208,0.43956043956043955
P0024,P0070,0.14,0.34,0.1,0.7142857142857143,2.100840336134454,1.0,0.052399999999999995,2.31,0.6093023255813953,0.2631578947368421,0.5670995670995671,0.5042016806722689
P0040,P0088,0.12,0.24,0.06,0.5,2.0833333333333335,1.0,0.0312,1.52,0.5909090909090909,0.2,0.34210526315789475,0.375
P0072,P0088,0.12,0.24,0.06,0.5,2.0833333333333335,1.0,0.0312,1.52,0.5909090909090909,0.2,0.34210526315789475,0.375
P0083,P0088,0.12,0.24,0.06,0.5,2.0833333333333335,1.0,0.0312,1.52,0.5909090909090909,0.2,0.34210526315789475,0.375
P0099,P0088,0.16,0.24,0.08,0.5,2.0833333333333335,1.0,0.041600000000000005,1.52,0.6190476190476192,0.25,0.34210526315789475,0.4166666666666667
P0019,P0070,0.12,0.34,0.08,0.6666666666666667,1.9607843137254903,1.0,0.0392,1.9800000000000002,0.5568181818181818,0.21052631578947367,0.4949494949494951,0.4509803921568628
P0048,P0070,0.12,0.34,0.08,0.6666666666666667,1.9607843137254903,1.0,0.0392,1.9800000000000002,0.5568181818181818,0.21052631578947367,0.4949494949494951,0.4509803921568628
P0003,P0051,0.16,0.26,0.08,0.5,1.923076923076923,1.0,0.0384,1.48,0.5714285714285714,0.23529411764705882,0.32432432432432434,0.40384615384615385
P0015,P0051,0.16,0.26,0.08,0.5,1.923076923076923,1.0,0.0384,1.48,0.5714285714285714,0.23529411764705882,0.32432432432432434,0.40384615384615385
P0031,P0089,0.12,0.26,0.06,0.5,1.923076923076923,1.0,0.0288,1.48,0.5454545454545454,0.1875,0.32432432432432434,0.36538461538461536
P0037,P0051,0.12,0.26,0.06,0.5,1.923076923076923,1.0,0.0288,1.48,0.5454545454545454,0.1875,0.32432432432432434,0.36538461538461536
P0038,P0051,0.12,0.26,0.06,0.5,1.923076923076923,1.0,0.0288,1.48,0.5454545454545454,0.1875,0.32432432432432434,0.36538461538461536
P0040,P0089,0.12,0.26,0.06,0.5,1.923076923076923,1.0,0.0288,1.48,0.5454545454545454,0.1875,0.32432432432432434,0.36538461538461536
P0095,P0051,0.12,0.26,0.06,0.5,1.923076923076923,1.0,0.0288,1.48,0.5454545454545454,0.1875,0.32432432432432434,0.36538461538461536
P0003,P0070,0.16,0.34,0.1,0.625,1.838235294117647,1.0,0.0456,1.7599999999999998,0.5428571428571428,0.25,0.4318181818181818,0.4595588235294118
P0015,P0070,0.16,0.34,0.1,0.625,1.838235294117647,1.0,0.0456,1.7599999999999998,0.5428571428571428,0.25,0.4318181818181818,0.4595588235294118
P0033,P0070,0.16,0.34,0.1,0.625,1.838235294117647,1.0,0.0456,1.7599999999999998,0.5428571428571428,0.25,0.4318181818181818,0.4595588235294118
P0032,P0070,0.1,0.34,0.06,0.6,1.764705882352941,1.0,0.025999999999999995,1.6499999999999997,0.4814814814814814,0.15789473684210523,0.3939393939393939,0.388235294117647
P0041,P0070,0.1,0.34,0.06,0.6,1.764705882352941,1.0,0.025999999999999995,1.6499999999999997,0.4814814814814814,0.15789473684210523,0.3939393939393939,0.388235294117647
P0045,P0070,0.1,0.34,0.06,0.6,1.764705882352941,1.0,0.025999999999999995,1.6499999999999997,0.4814814814814814,0.15789473684210523,0.3939393939393939,0.388235294117647
P0047,P0070,0.1,0.34,0.06,0.6,1.764705882352941,1.0,0.025999999999999995,1.6499999999999997,0.4814814814814814,0.15789473684210523,0.3939393939393939,0.388235294117647
P0062,P0070,0.1,0.34,0.06,0.6,1.764705882352941,1.0,0.025999999999999995,1.6499999999999997,0.4814814814814814,0.15789473684210523,0.3939393939393939,0.388235294117647
P0068,P0070,0.1,0.34,0.06,0.6,1.764705882352941,1.0,0.025999999999999995,1.6499999999999997,0.4814814814814814,0.15789473684210523,0.3939393939393939,0.388235294117647
P0080,P0070,0.1,0.34,0.06,0.6,1.764705882352941,1.0,0.025999999999999995,1.6499999999999997,0.4814814814814814,0.15789473684210523,0.3939393939393939,0.388235294117647
P0007,P0070,0.14,0.34,0.08,0.5714285714285714,1.6806722689075628,1.0,0.03239999999999999,1.5399999999999996,0.4709302325581394,0.19999999999999998,0.3506493506493506,0.40336134453781514
P0016,P0070,0.14,0.34,0.08,0.5714285714285714,1.6806722689075628,1.0,0.03239999999999999,1.5399999999999996,0.4709302325581394,0.19999999999999998,0.3506493506493506,0.40336134453781514
P0022,P0070,0.14,0.34,0.08,0.5714285714285714,1.6806722689075628,1.0,0.03239999999999999,1.5399999999999996,0.4709302325581394,0.19999999999999998,0.3506493506493506,0.40336134453781514
P0029,P0070,0.14,0.34,0.08,0.5714285714285714,1.6806722689075628,1.0,0.03239999999999999,1.5399999999999996,0.4709302325581394,0.19999999999999998,0.3506493506493506,0.40336134453781514
P0039,P0070,0.14,0.34,0.08,0.5714285714285714,1.6806722689075628,1.0,0.03239999999999999,1.5399999999999996,0.4709302325581394,0.19999999999999998,0.3506493506493506,0.40336134453781514
P0087,P0070,0.14,0.34,0.08,0.5714285714285714,1.6806722689075628,1.0,0.03239999999999999,1.5399999999999996,0.4709302325581394,0.19999999999999998,0.3506493506493506,0.40336134453781514
P0051,P0070,0.26,0.34,0.14,0.5384615384615385,1.5837104072398192,1.0,0.05160000000000001,1.4300000000000002,0.4980694980694981,0.3043478260869565,0.30069930069930084,0.4751131221719458
P0010,P0070,0.12,0.34,0.06,0.5,1.4705882352941175,1.0,0.019199999999999995,1.3199999999999998,0.36363636363636354,0.15,0.2424242424242424,0.3382352941176471
P0012,P0070,0.12,0.34,0.06,0.5,1.4705882352941175,1.0,0.019199999999999995,1.3199999999999998,0.36363636363636354,0.15,0.2424242424242424,0.3382352941176471
P0018,P0070,0.12,0.34,0.06,0.5,1.4705882352941175,1.0,0.019199999999999995,1.3199999999999998,0.36363636363636354,0.15,0.2424242424242424,0.3382352941176471
P0031,P0070,0.12,0.34,0.06,0.5,1.4705882352941175,1.0,0.019199999999999995,1.3199999999999998,0.36363636363636354,0.15,0.2424242424242424,0.3382352941176471
P0038,P0070,0.12,0.34,0.06,0.5,1.4705882352941175,1.0,0.019199999999999995,1.3199999999999998,0.36363636363636354,0.15,0.2424242424242424,0.3382352941176471
P0040,P0070,0.12,0.34,0.06,0.5,1.4705882352941175,1.0,0.019199999999999995,1.3199999999999998,0.36363636363636354,0.15,0.2424242424242424,0.3382352941176471
P0049,P0070,0.2,0.34,0.1,0.5,1.4705882352941175,1.0,0.032,1.3199999999999998,0.3999999999999999,0.22727272727272727,0.2424242424242424,0.3970588235294118
P0083,P0070,0.12,0.34,0.06,0.5,1.4705882352941175,1.0,0.019199999999999995,1.3199999999999998,0.36363636363636354,0.15,0.2424242424242424,0.3382352941176471
